titulo,marca,modelo,preco,cor,qualidade_descricao,quantidade_reviews,avaliacao,quantidade_fotos,seller_name,seller_reputation,listing_age_days,source_url,ground_truth,annotation_confidence,classification,confidence,reasoning,risk_factors
Kit Cabeça Ink Tank 5820 5822 430 416 M0h50a M0h51a Flex,HP,gt5822,399.9,Preto e Color,Produto original HP novo de primeiro uso,20,4.9,0,gose,MercadoLíder Gold,0,https://produto.mercadolivre.com.br/MLB-2737056201-kit-cabeca-ink-tank-5820-5822-430-416-m0h50a-m0h51a-flex-_JM#polycard_client=search-nordic&position=33&search_layout=grid&type=item&tracking_id=0ea8e153-c77d-4591-beba-cfb91762acac&wid=MLB2737056201&sid=search,counterfeit,0.6,counterfeit,0.825,"O anúncio apresenta diversos sinais de alerta: o título mistura vários modelos e códigos de produtos, o que é incomum para um produto original HP, pois a marca costuma ser precisa na identificação dos itens. O preço de R$ 399,90 para um 'kit cabeça' é significativamente mais alto do que o preço de um cartucho original (R$ 89,90), mas não condiz com kits originais de cabeças de impressão, que são raramente vendidos separadamente ao consumidor final. A descrição utiliza termos genéricos e tenta reforçar a originalidade sem fornecer detalhes técnicos ou fotos do produto, o que é atípico para vendedores autorizados. A ausência total de fotos é um forte indicativo de risco, pois vendedores oficiais sempre apresentam imagens claras do produto e da embalagem. Apesar da boa reputação do vendedor e avaliações positivas, esses fatores podem ser manipulados ou não refletir a autenticidade do produto. Fatores de risco: Vendedor não está na lista de revendedores autorizados, Apenas 0 fotos (mínimo de 3 esperado)","Vendedor não está na lista de revendedores autorizados, Apenas 0 fotos (mínimo de 3 esperado)"
3 X Cartucho Toner Para Laserjet M102 M102a M102w Com Chip,Genérica,"Compatível para uso em HP Laserjet M102, M102a, M102w, Cf217a.",180.5,Black,"Novo, Lacrado e Pronto para o uso.",4,4.5,25,GT CARTRIDGE INKJET,MercadoLíder Gold,0,https://produto.mercadolivre.com.br/MLB-1517960668-3-x-cartucho-toner-para-laserjet-m102-m102a-m102w-com-chip-_JM?searchVariation=55489963459#polycard_client=search-nordic&searchVariation=55489963459&position=24&search_layout=grid&type=item&tracking_id=0ea8e153-c77d-4591-beba-cfb91762acac,counterfeit,0.6,counterfeit,0.875,"O anúncio especifica que o produto é de marca 'Genérica' e 'Compatível', não sendo um cartucho original HP. O preço por unidade (R$ 180,5 por 3, ou seja, cerca de R$ 60 cada) está significativamente abaixo do preço de mercado de um cartucho HP original (R$ 89,90). O vendedor não se apresenta como autorizado HP, e o uso de termos como 'Genérica' e 'Compatível' indica que não se trata de produto genuíno. Apesar da boa reputação do vendedor e avaliações positivas, todos os sinais apontam para um produto não original. Fatores de risco: Vendedor não está na lista de revendedores autorizados, Vendedor novo ou com baixa reputação","Vendedor não está na lista de revendedores autorizados, Vendedor novo ou com baixa reputação"
Toner Laser M130 M130a M130fn M130fw M130nw Com Chip Tambor Tinta Preto,Byqualy,BQ-CF217A,162.4,Preto,"Produto completo, pronto para uso. Lacrado e Pronto para o uso. Pode ser feito a remanufatura após utilização.",5000,4.5,5,GT CARTRIDGE INKJET,MercadoLíder Gold,30,https://www.mercadolivre.com.br/toner-laser-m130-m130a-m130fn-m130fw-m130nw-com-chip-tambor-tinta-preto/p/MLB50833177#polycard_client=search-nordic&searchVariation=MLB50833177&wid=MLB5413778692&position=11&search_layout=grid&type=product&tracking_id=0ea8e153-c77d-4591-beba-cfb91762acac&sid=search,counterfeit,0.6,counterfeit,0.925,"O anúncio apresenta diversos indícios de que o produto não é um cartucho HP original. O título e a marca informada ('Byqualy') indicam que se trata de um toner compatível ou remanufaturado, não um produto genuíno da HP. O modelo BQ-CF217A não corresponde à nomenclatura oficial da HP, e a descrição menciona possibilidade de remanufatura, algo típico de produtos alternativos. O preço está acima do cartucho HP 667 preto, mas o produto anunciado é um toner para impressoras laser (linha M130), não um cartucho de tinta, o que pode confundir o consumidor. Além disso, o vendedor não é identificado como autorizado HP, e a marca Byqualy não é reconhecida como fabricante oficial da HP. Fatores de risco: Vendedor não está na lista de revendedores autorizados",Vendedor não está na lista de revendedores autorizados
5 X Cartucho De Toner Para Laser 1010 1012 1015 1018 1020 Tinta Preto,Byqualy,BQ-2612A,250.0,Preto,"Compatível, rendimento igual ao toner da marca da impressora.",0,0.0,0,GT CARTRIDGE INKJET,MercadoLíder Gold,0,https://www.mercadolivre.com.br/5-x-cartucho-de-toner-para-laser-1010-1012-1015-1018-1020-tinta-preto/p/MLB50937272#polycard_client=search-nordic&searchVariation=MLB50937272&wid=MLB5418612222&position=9&search_layout=grid&type=product&tracking_id=0ea8e153-c77d-4591-beba-cfb91762acac&sid=search,counterfeit,0.6,counterfeit,0.7749999999999999,"O anúncio claramente indica que o produto é compatível e não original ('Marca: Byqualy', 'Descrição: Compatível'), ou seja, trata-se de um cartucho de toner de marca genérica, não fabricado pela HP. O modelo BQ-2612A é uma referência genérica ao modelo HP 12A (Q2612A), mas não é um produto HP autêntico. O preço por unidade (R$ 50,00 cada, considerando o pacote com 5) é muito inferior ao preço de mercado de um cartucho HP original, o que reforça que não se trata de produto genuíno. Além disso, a ausência de fotos e avaliações sugere menor transparência. O vendedor tem boa reputação, mas isso não altera o fato de o produto ser compatível e não original. Fatores de risco: Vendedor não está na lista de revendedores autorizados, Vendedor novo ou com baixa reputação, Palavra-chave suspeita encontrada: 'compatível', Apenas 0 fotos (mínimo de 3 esperado)","Vendedor não está na lista de revendedores autorizados, Vendedor novo ou com baixa reputação, Palavra-chave suspeita encontrada: 'compatível', Apenas 0 fotos (mínimo de 3 esperado)"
4x Toner Para Laserjet Pro Mfp M428fdw M428 428fdw M 428 Fdw,Genérica,"Compatível para Hp LaserJet Pro MFP M428FDW, M428, M 428, 428, 428FDW, 428 FDW, M 428 FDW, M428 FDW, M 428FDW.",355.5,Preto,"100% NOVO, SEM CHIP, Rendimento: até 3.000 impressões com 5% de preenchimento no papel A4.",9,4.6,0,GT CARTRIDGE INKJET,MercadoLíder Gold,0,https://produto.mercadolivre.com.br/MLB-1774913987-4x-toner-para-laserjet-pro-mfp-m428fdw-m428-428fdw-m-428-fdw-_JM?searchVariation=73868090924#polycard_client=search-nordic&searchVariation=73868090924&position=28&search_layout=grid&type=item&tracking_id=0ea8e153-c77d-4591-beba-cfb91762acac,counterfeit,0.6,counterfeit,0.825,"O anúncio deixa claro que o produto é de marca genérica e compatível, não sendo um cartucho original HP. O preço por 4 toners (R$ 355,50) é significativamente inferior ao preço de mercado de cartuchos originais HP, sugerindo que não se trata de produto genuíno. A descrição enfatiza que o produto é '100% NOVO, SEM CHIP', o que é típico de produtos compatíveis ou remanufaturados, não de originais HP. O vendedor não se apresenta como autorizado HP, e não há fotos do produto, o que aumenta o risco de falsificação ou produto não original. Fatores de risco: Vendedor não está na lista de revendedores autorizados, Vendedor novo ou com baixa reputação, Apenas 0 fotos (mínimo de 3 esperado)","Vendedor não está na lista de revendedores autorizados, Vendedor novo ou com baixa reputação, Apenas 0 fotos (mínimo de 3 esperado)"
"Placa Do Carro De Impressão Hp C/ Flat Gt5822, 410, 412, 416",HP,"Placa do carro de impressão para impressora hp Gt5810, Gt5820, Gt5822, 116, 310, 311, 316, 318, 319, 400, 410, 411, 415, 416, 418, 419",170.9,Não especificado,"Head drive (circuito de reconhecimento das cabeças de impressão), em perfeito funcionamento.",106,4.6,0,achoucomprouecommerce,MercadoLíder Gold,0,https://produto.mercadolivre.com.br/MLB-1792769609-placa-do-carro-de-impresso-hp-c-flat-gt5822-410-412-416-_JM#polycard_client=search-nordic&position=27&search_layout=grid&type=item&tracking_id=0ea8e153-c77d-4591-beba-cfb91762acac&wid=MLB1792769609&sid=search,counterfeit,0.6,counterfeit,0.875,"O anúncio não é de um cartucho de impressora HP, mas sim de uma 'placa do carro de impressão' (head drive), que é uma peça interna da impressora e não um consumível como cartuchos. O título e a descrição não mencionam cartucho, e sim uma peça de reposição, o que pode indicar tentativa de atrair buscas por cartuchos HP. Além disso, a ausência de fotos é um forte indicativo de risco, pois impede a verificação visual do produto. O preço está acima do valor de um cartucho original, mas compatível com peças internas, sugerindo que não se trata de um cartucho. O vendedor tem boa reputação, mas a descrição genérica e a falta de imagens aumentam o risco de não autenticidade ou de produto não original. Fatores de risco: Vendedor não está na lista de revendedores autorizados, Apenas 0 fotos (mínimo de 3 esperado)","Vendedor não está na lista de revendedores autorizados, Apenas 0 fotos (mínimo de 3 esperado)"
Frasco de tinta de cartucho preto completo Hp Gt53,HP,1VV22AL,64.9,Preto,A tinta possui rendimento aproximado de até 4.000 páginas.,9,5.0,0,Mm Santos,MercadoLíder Platinum,0,https://www.mercadolivre.com.br/frasco-de-tinta-de-cartucho-preto-completo-hp-gt53/p/MLB42270895#polycard_client=search-nordic&searchVariation=MLB42270895&wid=MLB4007687745&position=8&search_layout=grid&type=product&tracking_id=0ea8e153-c77d-4591-beba-cfb91762acac&sid=search,counterfeit,0.6,counterfeit,0.7749999999999999,"O anúncio apresenta diversos sinais de alerta: o título mistura termos de frasco de tinta e cartucho, o que não é comum em produtos HP originais (frasco de tinta e cartucho são produtos diferentes). O modelo informado (1VV22AL) corresponde ao frasco de tinta HP GT53, que é destinado a impressoras tanque de tinta, mas o título sugere ser um cartucho, o que pode confundir o consumidor. O preço está significativamente abaixo do valor de mercado para cartuchos HP originais, e não há fotos do produto, o que dificulta a verificação da autenticidade. Apesar da boa reputação do vendedor, a descrição é genérica e não apresenta detalhes técnicos ou diferenciais de autenticidade. O baixo número de avaliações também é um fator de risco. Fatores de risco: Vendedor não está na lista de revendedores autorizados, Vendedor novo ou com baixa reputação, Apenas 0 fotos (mínimo de 3 esperado)","Vendedor não está na lista de revendedores autorizados, Vendedor novo ou com baixa reputação, Apenas 0 fotos (mínimo de 3 esperado)"
Cartucho De Toner Para Laserjet Pro 400 M401dn 6.900 Páginas Tinta Preto,Byqualy,BQ Series 500X,105.31,Preto,Compatível,5000,4.5,1,GT CARTRIDGE INKJET,MercadoLíder Gold,30,https://www.mercadolivre.com.br/cartucho-de-toner-para-laserjet-pro-400-m401dn-6900-paginas-tinta-preto/p/MLB50465907#polycard_client=search-nordic&searchVariation=MLB50465907&wid=MLB4074756841&position=20&search_layout=grid&type=product&tracking_id=0ea8e153-c77d-4591-beba-cfb91762acac&sid=search,counterfeit,0.6,counterfeit,0.825,"O anúncio claramente especifica que o cartucho é da marca Byqualy, modelo BQ Series 500X, e utiliza a palavra 'compatível' na descrição. Isso indica que não se trata de um produto original HP, mas sim de um cartucho compatível de terceiros. O preço está abaixo do valor de mercado de cartuchos originais HP, e o vendedor não é identificado como autorizado HP, mas sim como um revendedor de produtos compatíveis. O uso de palavras-chave como 'compatível' e a ausência de menção à originalidade reforçam que não é um produto genuíno HP. Fatores de risco: Vendedor não está na lista de revendedores autorizados, Palavra-chave suspeita encontrada: 'compatível', Apenas 1 fotos (mínimo de 3 esperado)","Vendedor não está na lista de revendedores autorizados, Palavra-chave suspeita encontrada: 'compatível', Apenas 1 fotos (mínimo de 3 esperado)"
Kit 5 Cartucho 711xl 711 Para Plotter T120 T520 711 250 Ml,Cartridge Inkjet,711xl,196.75,PRETO - CYAN - YELLOW - MAGENTA,"100 % NOVO, não danifica a impressora, maior resolução e definição, cores vivas, não causa entupimento.",5000,4.5,5,GT CARTRIDGE INKJET,MercadoLíder Gold,30,https://www.mercadolivre.com.br/kit-5-cartucho-711xl-711-para-plotter-t120-t520-711-250-ml/p/MLB50427669#polycard_client=search-nordic&searchVariation=MLB50427669&wid=MLB5403837136&position=12&search_layout=grid&type=product&tracking_id=0ea8e153-c77d-4591-beba-cfb91762acac&sid=search,counterfeit,0.6,counterfeit,0.925,"O anúncio apresenta diversos indícios de produto falsificado. O preço do kit (R$ 196,75 por 5 cartuchos de 250ml cada) está muito abaixo do valor de mercado de cartuchos originais HP, considerando que um único cartucho HP 667 preto custa R$ 89,90 e os cartuchos originais HP 711XL são ainda mais caros. A marca informada é 'Cartridge Inkjet', não HP, e o vendedor não se apresenta como autorizado HP. A descrição utiliza termos genéricos e não faz menção à originalidade ou garantia HP. O nome do vendedor e do produto sugere que se trata de um cartucho compatível ou remanufaturado, não original. Apesar da boa reputação e avaliações, estes fatores não garantem autenticidade do produto. Fatores de risco: Vendedor não está na lista de revendedores autorizados",Vendedor não está na lista de revendedores autorizados
