index,title,preco,condicao,vendedor_nome,vendedor_avaliacao,avaliacao_media,total_avaliacoes,pagina,lote,site_code,estrelas_5,estrelas_4,estrelas_3,estrelas_2,estrelas_1,porcentagem_5_estrelas,porcentagem_4_estrelas,porcentagem_3_estrelas,porcentagem_2_estrelas,porcentagem_1_estrela,ratio_5_to_1,link
1,Garrafa Térmica 1 Litro Com Termômetro Led Para Chás / Café,"R$ 53,06",Novo  |  +10mil vendidos,DARU20240421093708,+100milVendas concluídas,"4,5","5,0",1,1,MLB,4,1,0,0,0,"75,4","10,5","5,1","2,8","6,1",inf,https://click1.mercadolivre.com.br/mclics/clicks/external/MLB/count?a=XPS46zCbN5diY%2BLhtHymdiTkXzP%2BH%2FWqq6TGyOil9wWj3qbhfoWEgPcrqzA6ZIx77JhJpvaZFaUQCnw6K%2Fd2FLt6Wck6Z7XElW3olaBaQBiDd65itPYOyZDLeGfo1huClx9gTINiX9BEjRR7oBEvmD28AuxJPfNScN%2FSxt2gT586XdNsAx%2FB7%2F7ceK2p32UN5tQlvY0TvBxiM%2FmW0aLPx666olHWqdL4sKaLdtMpARP6Z1H4vAj8e9uohtyfswUUBaSRVD586QrbB%2BPEu7emmlc8U5qY9mZEQ%2BKZs7%2F14n%2BERRW%2BsmPnKFgN4CmKelbRyFBw816V3VNMAmSVNi5EnbYSgLM0hlnyujar48rwTTjUmjA98GFrGlyxcCD%2FqXUW8Kc2iHacuVvhaajrIO3%2FC8MT346DklLAGfCyExRzH%2BEHpDf4xIaZUdjMGyJw2%2BchnRYrvD%2FyQ%2BtH2C%2BFblhC1%2BHOcuGZylz5cJOMF%2BgHobJsISxyN8d%2BFMcUDnVrI%2F0bIRGWs6%2Fpk9JXn7rEdv5hrI9lPCem32KVFr1cS0chQqK2%2FwzmieQ7BhMNBEigvKnyQro78gcj%2B7b2W4ONpkZ1NoU37yxA6a057R8ApmYwbIuWYMP0GC%2B6Rq2w6BuuANfzWo4NNO6pXIZPPsSJXjd2vHDl0f4h6Nke3%2FLSKA%2BQdWjJ3sr3N3MdZMRqnVsljqRy5tVUw8Gkh6mftJg8BTPaCFJJzXq7FBwpbYJKHZAx5fzFnKntuIA37GW2ulP3S4Ewlc4dh%2FsDqhXGSOzNnB9Obo%2B9WLnoNah1BMZG5bTUtTkDcSkEC4NfV1ZI26dNEWZ1gefTX76jiPFyhVOfuXvF941HHdXa29%2FYr3IYt5ZT%2FK8xg%2BLE0H86BNw%3D&searchVariation=184022220277#polycard_client=search-nordic&tracking_id=bfaa6532-b87f-4223-9609-f3411463ae91
2,Garrafa Térmica Genérica 1l Com Termômetro E Led Café/chá,"R$ 48,85",Novo  |  +25 vendidos,CM20250219101741,+100Vendas concluídas,"0,0",,1,1,MLB,0,0,0,0,0,"0,0","0,0","0,0","0,0","0,0","0,0",https://click1.mercadolivre.com.br/mclics/clicks/external/MLB/count?a=IaQMVYycr6pB0c0Qkxl%2B6RYQuOiLiYBFytkpGOQ1G4pt9mj7NQWOM0j9Faya5THq9KunheTKgeXNWbgnwL0N5rfUcsm0GDoCdP0irdIzpmzJdEyr6XI7OLaEK0Fm3tZojmCGu9AXzfRj1d5Q6BWlDUMjNEu2hKA7gMh1rrjtxSlqxHLpaPsS%2FMgCwjv%2FnXgx%2FsraBatfUHqXskMP8EyK51RJ3NyiOAkUpJAdCuaE%2Bqou0zEHnK16IsUBnvi27eqDyn8QBj7H94uHPbvBGXGKwTU3etPYpy5nC5DU832rBFjz6ok2ZZ4RJvpAGehA1dwL1%2FOOD5ksT3MTQcQwn3QqkY9r7dZcrnPeFUUqXJsWrdqp%2BMk9Ufds9%2BKAn81KywLRFVQnfhl9ZZTSNYS8pqV%2FFcNhdW1tjYlFto9tXrM2qlWk88grHmcv679geN9Cny1ItUos0CwMxeW8keVJzfUpmLJDNDdPp6tK%2BH7pVxpjgP2%2B4JqlP9H%2B9%2BTkknaIjxRAp16IhKTAEg9Hyrnu3KewWAJgjWr3jUJ3TXLmY8jVBizF5sLMiGYX6o%2FZypVVDC7aPEtv8THtwxEyFgEEZhuLqLnBVzglLvGPR%2FrGEcwzMld09XNM5Rj8%2Fgo101H00bGbfCV9A7mRyh89TfvEaa96%2BHbdnZo5w4aAyKXjm3%2BprZh1f0T2BfWte1jC8fWJee%2Bh68ne0qMa6bYb9E0LL6s7Tn8d9zo7pI%2FnhVh2D3bPvPXpPQ4jcTaPlhcsJLbwSw8wJC%2BgTLbjen9SpIqzSXuH60VtBjHYs8rpJKWQi0Luvu8DhrT6qeut8yp%2BlmtYCC2INM6QY%2F8J3TjCszJE6q7A3L3FP%2F4KHT1hBijb%2FgBEHEuK8Us3vVJ8nXw%3D&searchVariation=187062495333#polycard_client=search-nordic&tracking_id=bfaa6532-b87f-4223-9609-f3411463ae91
3,Garrafa Térmica Signos 500ml Signo De Aries,"R$ 169,90",Novo  |  1 vendido,UNIVERSOMANA,1Vendas concluídas,"0,0",,1,1,MLB,0,0,0,0,0,"0,0","0,0","0,0","0,0","0,0","0,0",https://produto.mercadolivre.com.br/MLB-5370242846-garrafa-termica-signos-500ml-signo-de-aries-_JM?searchVariation=187754236569#polycard_client=search-nordic&searchVariation=187754236569&position=33&search_layout=grid&type=item&tracking_id=bfaa6532-b87f-4223-9609-f3411463ae91
4,Garrafinha Térmica Squeeze 800ml Quente Frio Com Isolamento,"R$ 69,90",Novo,AZARTE,MercadoLíder Platinum,"0,0",,1,1,MLB,0,0,0,0,0,"0,0","0,0","0,0","0,0","0,0","0,0",https://produto.mercadolivre.com.br/MLB-4025922645-garrafinha-termica-squeeze-800ml-quente-frio-com-isolamento-_JM?searchVariation=187460348197#polycard_client=search-nordic&searchVariation=187460348197&position=34&search_layout=grid&type=item&tracking_id=bfaa6532-b87f-4223-9609-f3411463ae91
5,Garrafa Térmica Pacco Hydra V2 650ml - Personalização Grátis,"R$ 264,60",Novo  |  +5 vendidos,SAUDEMOVIMENTO,+1000Vendas concluídas,"0,0",,1,1,MLB,0,0,0,0,0,"0,0","0,0","0,0","0,0","0,0","0,0",https://produto.mercadolivre.com.br/MLB-5358285704-garrafa-termica-pacco-hydra-v2-650ml-personalizaco-gratis-_JM?searchVariation=187578896237#polycard_client=search-nordic&searchVariation=187578896237&position=35&search_layout=grid&type=item&tracking_id=bfaa6532-b87f-4223-9609-f3411463ae91
6,Garrafa Térmica 1 Litro Com Termômetro Led Para Chás / Café,"R$ 53,06",Novo  |  +10mil vendidos,DARU20240421093708,+100milVendas concluídas,"4,5","5,0",1,1,MLB,4,1,0,0,0,"75,4","10,5","5,1","2,8","6,1",inf,https://produto.mercadolivre.com.br/MLB-4967167410-garrafa-termica-1-litro-com-termmetro-led-para-chas-cafe-_JM?searchVariation=184022220277#polycard_client=search-nordic&searchVariation=184022220277&position=36&search_layout=grid&type=item&tracking_id=bfaa6532-b87f-4223-9609-f3411463ae91
7,Botijão Galão Térmico 12 Litros Garrafão C/ Torneira Pé Alça Cor Azul,R$ 229,Novo  |  +1000 vendidos,Loja oficialRei Dos Térmicos,MercadoLíder Platinum,"4,7","317,0",1,1,MLB,269,24,10,5,9,"84,9","7,6","3,1","1,6","2,8","29,9",https://www.mercadolivre.com.br/botijo-galo-termico-12-litros-garrafo-c-torneira-pe-alca-cor-azul/p/MLB22804328?searchVariation=MLB22804328#polycard_client=search-nordic&searchVariation=MLB22804328&wid=MLB5289051526&position=4&search_layout=grid&type=product&tracking_id=bfaa6532-b87f-4223-9609-f3411463ae91&sid=search
8,Garrafa Térmica Genérica 1l Com Termômetro E Led Café/chá,"R$ 48,85",Novo  |  +25 vendidos,CM20250219101741,+100Vendas concluídas,"0,0",,1,1,MLB,0,0,0,0,0,"0,0","0,0","0,0","0,0","0,0","0,0",https://produto.mercadolivre.com.br/MLB-3988369437-garrafa-termica-generica-1l-com-termmetro-e-led-cafecha-_JM?searchVariation=187062495333#polycard_client=search-nordic&searchVariation=187062495333&position=37&search_layout=grid&type=item&tracking_id=bfaa6532-b87f-4223-9609-f3411463ae91
9,"Garrafa térmica de pressão 1,8 litro Inox Lúmina Termolar","R$ 109,10",Novo  |  +50mil vendidos,Vendido porDistribuidora Galante,MercadoLíder Platinum,"4,6","5,0",1,1,MLB,5,0,0,0,0,"82,1","6,7","3,1","1,7","6,4",inf,https://www.mercadolivre.com.br/garrafa-termica-de-presso-18-litro-inox-lumina-termolar/p/MLB9989930#polycard_client=search-nordic&searchVariation=MLB9989930&wid=MLB4289839406&position=5&search_layout=grid&type=product&tracking_id=bfaa6532-b87f-4223-9609-f3411463ae91&sid=search
10,Garrafa Térmica Squeeze Inox 800ml Com Alça Água Academia,"R$ 51,72",Novo  |  +25 vendidos,Amarante Store,+10milVendas concluídas,"0,0",,1,1,MLB,0,0,0,0,0,"0,0","0,0","0,0","0,0","0,0","0,0",https://produto.mercadolivre.com.br/MLB-5351405250-garrafa-termica-squeeze-inox-800ml-com-alca-agua-academia-_JM?searchVariation=187545793425#polycard_client=search-nordic&searchVariation=187545793425&position=38&search_layout=grid&type=item&tracking_id=bfaa6532-b87f-4223-9609-f3411463ae91
11,1200ml Garrafa Térmica Bebidas Quentes E Frias Cor Preto,"R$ 62,99",Novo  |  +5mil vendidos,Vendido porMHZ202310,MercadoLíder Platinum,"4,8","961,0",1,1,MLB,864,52,13,7,25,"89,9","5,4","1,4","0,7","2,6","34,6",https://www.mercadolivre.com.br/1200ml-garrafa-termica-bebidas-quentes-e-frias-cor-preto/p/MLB37798840?searchVariation=MLB37798840#polycard_client=search-nordic&searchVariation=MLB37798840&wid=MLB4014089033&position=6&search_layout=grid&type=product&tracking_id=bfaa6532-b87f-4223-9609-f3411463ae91&sid=search
12,"Bestbestowala Garrafa De Água Esportiva Dupla Para Bebida, C","R$ 53,22",Novo  |  1 vendido,CNCHIQUITO-BRR,+10milVendas concluídas,"0,0",,1,1,MLB,0,0,0,0,0,"0,0","0,0","0,0","0,0","0,0","0,0",https://produto.mercadolivre.com.br/MLB-4037701139-bestbestowala-garrafa-de-agua-esportiva-dupla-para-bebida-c-_JM?searchVariation=187584383865#polycard_client=search-nordic&searchVariation=187584383865&position=39&search_layout=grid&type=item&tracking_id=bfaa6532-b87f-4223-9609-f3411463ae91
13,Garrafa Térmica Presente Dia Das Mães C/bico E Trava Rosa,"R$ 49,11",Novo  |  +5 vendidos,MANUKS FERRAMENTAS,+10milVendas concluídas,"0,0",,1,1,MLB,0,0,0,0,0,"0,0","0,0","0,0","0,0","0,0","0,0",https://produto.mercadolivre.com.br/MLB-5340563234-garrafa-termica-presente-dia-das-mes-cbico-e-trava-rosa-_JM?searchVariation=187420625275#polycard_client=search-nordic&searchVariation=187420625275&position=40&search_layout=grid&type=item&tracking_id=bfaa6532-b87f-4223-9609-f3411463ae91
14,Garrafa Térmica Pacco Hydra V2 950ml - Personalização Grátis,R$ 294,Novo  |  +5 vendidos,SAUDEMOVIMENTO,+1000Vendas concluídas,"0,0",,1,1,MLB,0,0,0,0,0,"0,0","0,0","0,0","0,0","0,0","0,0",https://produto.mercadolivre.com.br/MLB-4036990133-garrafa-termica-pacco-hydra-v2-950ml-personalizaco-gratis-_JM?searchVariation=187579146987#polycard_client=search-nordic&searchVariation=187579146987&position=41&search_layout=grid&type=item&tracking_id=bfaa6532-b87f-4223-9609-f3411463ae91
15,Garrafa Térmica Café Chá 1litro Invicta Metalizada C Alça Cor Prata,"R$ 78,72",Novo  |  +5mil vendidos,Vendido porMaru Utilidades e Brinquedos,MercadoLíder Gold,"4,4","614,0",1,1,MLB,471,51,33,15,44,"76,7","8,3","5,4","2,4","7,2","10,7",https://www.mercadolivre.com.br/garrafa-termica-cafe-cha-1litro-invicta-metalizada-c-alca-cor-prata/p/MLB23492741?searchVariation=MLB23492741#polycard_client=search-nordic&searchVariation=MLB23492741&wid=MLB3871683549&position=7&search_layout=grid&type=product&tracking_id=bfaa6532-b87f-4223-9609-f3411463ae91&sid=search
16,O Copo Isolante de Aço Inoxidável 304 com Grande Capacidade de 1200 Ml Pode ser Mantido Quente e Frio Genérica 100101,"R$ 59,49",Novo  |  +5mil vendidos,Vendido porWDW202406,MercadoLíder Platinum,"4,8","601,0",1,1,MLB,540,35,6,5,15,"89,8","5,8","1,0","0,8","2,5","36,0",https://www.mercadolivre.com.br/o-copo-isolante-de-aco-inoxidavel-304-com-grande-capacidade-de-1200-ml-pode-ser-mantido-quente-e-frio-generica-100101/p/MLB36628530?searchVariation=MLB36628530#polycard_client=search-nordic&searchVariation=MLB36628530&wid=MLB4035965071&position=8&search_layout=grid&type=product&tracking_id=bfaa6532-b87f-4223-9609-f3411463ae91&sid=search
17,Garrafa Térmica De Aço Inox 1 Litro Água Gelada 24 Horas Quente 12 Horas Bebida Fria Quente,"R$ 46,20",Novo  |  +5mil vendidos,Loja oficialPark Ecom,MercadoLíder Platinum,"4,7","1,0",1,1,MLB,1,0,0,0,0,"86,7","5,4","2,3","1,2","4,3",inf,https://www.mercadolivre.com.br/garrafa-termica-de-aco-inox-1-litro-agua-gelada-24-horas-quente-12-horas-bebida-fria-quente/p/MLB36626766?searchVariation=MLB36626766#polycard_client=search-nordic&searchVariation=MLB36626766&wid=MLB4029449051&position=9&search_layout=grid&type=product&tracking_id=bfaa6532-b87f-4223-9609-f3411463ae91&sid=search
18,Garrafa Térmica Pacco Vyta 1200ml- Personalização Grátis,"R$ 355,20",Novo  |  +5 vendidos,SAUDEMOVIMENTO,+1000Vendas concluídas,"0,0",,1,1,MLB,0,0,0,0,0,"0,0","0,0","0,0","0,0","0,0","0,0",https://produto.mercadolivre.com.br/MLB-4036993439-garrafa-termica-pacco-vyta-1200ml-personalizaco-gratis-_JM?searchVariation=187579472857#polycard_client=search-nordic&searchVariation=187579472857&position=42&search_layout=grid&type=item&tracking_id=bfaa6532-b87f-4223-9609-f3411463ae91
19,Garrafa Com Bico Térmica Infantil Escolar Dinossauro Rainbow,"R$ 39,80",Novo  |  1 vendido,LOJAS.BRASILEIRAS,+5milVendas concluídas,"0,0",,1,1,MLB,0,0,0,0,0,"0,0","0,0","0,0","0,0","0,0","0,0",https://produto.mercadolivre.com.br/MLB-5337580342-garrafa-com-bico-termica-infantil-escolar-dinossauro-rainbow-_JM?searchVariation=187399022065#polycard_client=search-nordic&searchVariation=187399022065&position=43&search_layout=grid&type=item&tracking_id=bfaa6532-b87f-4223-9609-f3411463ae91
20,Garrafa Térmica Inox 800ml Personalizada Nome Logo Time,"R$ 59,90",Novo  |  2 vendidos,PER DISTRIBUIDOR,+50milVendas concluídas,"0,0",,1,1,MLB,0,0,0,0,0,"0,0","0,0","0,0","0,0","0,0","0,0",https://produto.mercadolivre.com.br/MLB-4037109833-garrafa-termica-inox-800ml-personalizada-nome-logo-time-_JM?searchVariation=183397727908#polycard_client=search-nordic&searchVariation=183397727908&position=44&search_layout=grid&type=item&tracking_id=bfaa6532-b87f-4223-9609-f3411463ae91
21,"Growler Térmico Preto 1,9 Litros Coleman","R$ 250,20",Novo  |  +5mil vendidos,Vendido porGOLDBIJUXSHOP,Avaliação não disponível,"4,8","1,0",1,1,MLB,1,0,0,0,0,"89,2","4,6","2,1","1,0","3,1",inf,https://www.mercadolivre.com.br/growler-termico-preto-19-litros-coleman/p/MLB19724358?searchVariation=MLB19724358#polycard_client=search-nordic&searchVariation=MLB19724358&wid=MLB4030655823&position=10&search_layout=grid&type=product&tracking_id=bfaa6532-b87f-4223-9609-f3411463ae91&sid=search
22,Garrafa Térmica 1200ml Bebidas Quentes E Frias Portátil Lsolamento De Aço Inoxidável 304 Térmico Antiderrapante Cor Preto,"R$ 59,24",Novo  |  +1000 vendidos,Vendido porLQM202310,MercadoLíder Platinum,"4,8","138,0",1,1,MLB,124,8,0,2,4,"89,9","5,8","0,0","1,4","2,9","31,0",https://www.mercadolivre.com.br/garrafa-termica-1200ml-bebidas-quentes-e-frias-portatil-lsolamento-de-aco-inoxidavel-304-termico-antiderrapante-cor-preto/p/MLB48407715?searchVariation=MLB48407715#polycard_client=search-nordic&searchVariation=MLB48407715&wid=MLB4033343925&position=11&search_layout=grid&type=product&tracking_id=bfaa6532-b87f-4223-9609-f3411463ae91&sid=search
23,Garrafa Térmica Quick Flip Stanley Hammertone Green 710ml,R$ 219,Novo  |  +100 vendidos,Vendido porBRAVIUM,MercadoLíder Platinum,"4,9","2,0",1,1,MLB,2,0,0,0,0,"93,3","3,6","1,3","0,6","1,1",inf,https://www.mercadolivre.com.br/garrafa-termica-quick-flip-stanley-hammertone-green-710ml/p/MLB47164288?searchVariation=MLB47164288#polycard_client=search-nordic&searchVariation=MLB47164288&wid=MLB4022493325&position=12&search_layout=grid&type=product&tracking_id=bfaa6532-b87f-4223-9609-f3411463ae91&sid=search
24,Garrafa Térmica Parede Dupla 500ml Antivazamento Aço Inox Com Kit 3 Xícara Café Agua Suco Bebidas Quentes E Frias Cor Preto Marca Ecomixshop,"R$ 37,31",Novo  |  +1000 vendidos,Vendido porCASASONHO,MercadoLíder Platinum,"4,5","104,0",1,1,MLB,79,13,3,1,8,"76,0","12,5","2,9","1,0","7,7","9,9",https://www.mercadolivre.com.br/garrafa-termica-parede-dupla-500ml-antivazamento-aco-inox-com-kit-3-xicara-cafe-agua-suco-bebidas-quentes-e-frias-cor-preto-marca-ecomixshop/p/MLB47041307?searchVariation=MLB47041307#polycard_client=search-nordic&searchVariation=MLB47041307&wid=MLB5198675540&position=13&search_layout=grid&type=product&tracking_id=bfaa6532-b87f-4223-9609-f3411463ae91&sid=search
25,Garrafa Térmica Bule Acolher 100% Inox 1l Sanremo Café,"R$ 78,99",Novo  |  +5mil vendidos,Loja oficialEstrela do Lar,MercadoLíder Platinum,"4,5","925,0",1,1,MLB,737,77,42,15,54,"79,7","8,3","4,5","1,6","5,8","13,6",https://www.mercadolivre.com.br/garrafa-termica-bule-acolher-100-inox-1l-sanremo-cafe/p/MLB22498776?searchVariation=MLB22498776#polycard_client=search-nordic&searchVariation=MLB22498776&wid=MLB5305947330&position=14&search_layout=grid&type=product&tracking_id=bfaa6532-b87f-4223-9609-f3411463ae91&sid=search
26,"Garrafa Térmica Inox Resistente 1,4l Chimarrão Cha Cor Azul","R$ 125,55",Novo  |  +25 vendidos,PHG_DISTRIBUIDORA,+100Vendas concluídas,"4,8","4,0",1,1,MLB,3,1,0,0,0,"75,0","25,0","0,0","0,0","0,0",inf,https://produto.mercadolivre.com.br/MLB-3918800423-garrafa-termica-inox-resistente-14l-chimarro-cha-cor-azul-_JM?searchVariation=182341006378#polycard_client=search-nordic&searchVariation=182341006378&position=45&search_layout=grid&type=item&tracking_id=bfaa6532-b87f-4223-9609-f3411463ae91
27,Garrafão Térmico 5 Litros Mantém Gelado Quente Preto E Amarelo Trilha Camping Supertermo Termolar,"R$ 32,89",Novo  |  +10mil vendidos,Vendido porBAZAREBRINQUEDOS,Avaliação não disponível,"4,7","5,0",1,1,MLB,5,0,0,0,0,"82,8","10,0","3,9","1,1","2,2",inf,https://www.mercadolivre.com.br/garrafo-termico-5-litros-mantem-gelado-quente-preto-e-amarelo-trilha-camping-supertermo-termolar/p/MLB42805282?searchVariation=MLB42805282#polycard_client=search-nordic&searchVariation=MLB42805282&wid=MLB5369214172&position=15&search_layout=grid&type=product&tracking_id=bfaa6532-b87f-4223-9609-f3411463ae91&sid=search
28,Vittak Garrafa Térmica Café 1 Litro Nórdica Cabo Madeira Mesa Posta Cor Branca,"R$ 48,61",Novo  |  +1000 vendidos,Loja oficialEletroFlex,MercadoLíder Platinum,"4,6","610,0",1,1,MLB,494,44,28,13,31,"81,0","7,2","4,6","2,1","5,1","15,9",https://www.mercadolivre.com.br/vittak-garrafa-termica-cafe-1-litro-nordica-cabo-madeira-mesa-posta-cor-branca/p/MLB37448089?searchVariation=MLB37448089#polycard_client=search-nordic&searchVariation=MLB37448089&wid=MLB3888935387&position=16&search_layout=grid&type=product&tracking_id=bfaa6532-b87f-4223-9609-f3411463ae91&sid=search
29,Garrafa Térmica Café 1 Litro Luxo Vintage Retro,"R$ 74,95",Novo  |  +5 vendidos,EDSHOPCOMERCIOLTDA,+100Vendas concluídas,"0,0",,1,1,MLB,0,0,0,0,0,"0,0","0,0","0,0","0,0","0,0","0,0",https://produto.mercadolivre.com.br/MLB-5350825194-garrafa-termica-cafe-1-litro-luxo-vintage-retro-_JM?searchVariation=183355566502#polycard_client=search-nordic&searchVariation=183355566502&position=46&search_layout=grid&type=item&tracking_id=bfaa6532-b87f-4223-9609-f3411463ae91
30,Garrafa Térmica Stanley Flip Straw Hidratação 887ml Azul,R$ 279,Novo  |  +25 vendidos,Loja oficialMercado Livre,MercadoLíder Platinum,"0,0",,1,1,MLB,0,0,0,0,0,"0,0","0,0","0,0","0,0","0,0","0,0",https://www.mercadolivre.com.br/garrafa-termica-stanley-flip-straw-hidrataco-887ml-azul/p/MLB46399710?searchVariation=MLB46399710#polycard_client=search-nordic&searchVariation=MLB46399710&wid=MLB5351060170&position=17&search_layout=grid&type=product&tracking_id=bfaa6532-b87f-4223-9609-f3411463ae91&sid=search
31,1200ml Garrafa Térmica Bebidas Quentes E Frias Garrafas de água para desporto e fitness Cor Verde-musgo,"R$ 59,28",Novo  |  +1000 vendidos,Vendido porHJE202406,MercadoLíder Platinum,"4,8","961,0",1,1,MLB,864,52,13,7,25,"89,9","5,4","1,4","0,7","2,6","34,6",https://www.mercadolivre.com.br/1200ml-garrafa-termica-bebidas-quentes-e-frias-garrafas-de-agua-para-desporto-e-fitness-cor-verde-musgo/p/MLB37475752?searchVariation=MLB37475752#polycard_client=search-nordic&searchVariation=MLB37475752&wid=MLB4024389711&position=18&search_layout=grid&type=product&tracking_id=bfaa6532-b87f-4223-9609-f3411463ae91&sid=search
32,Garrafa Térmica Classic Stanley - 950 Ml Cor Hammertone Gree Cor Hammertone green,"R$ 199,90",Novo  |  +1000 vendidos,Vendido porBRAVIUM,MercadoLíder Platinum,"4,7","244,0",1,1,MLB,217,9,6,2,10,"88,9","3,7","2,5","0,8","4,1","21,7",https://www.mercadolivre.com.br/garrafa-termica-classic-stanley-950-ml-cor-hammertone-gree-cor-hammertone-green/p/MLB36006952?searchVariation=MLB36006952#polycard_client=search-nordic&searchVariation=MLB36006952&wid=MLB5342881916&position=19&search_layout=grid&type=product&tracking_id=bfaa6532-b87f-4223-9609-f3411463ae91&sid=search
33,Tubo De Sucção Garrafa Térmica Chacal Reposição,"R$ 39,92",Novo  |  +5 vendidos,BR GROW,+1000Vendas concluídas,"0,0",,1,1,MLB,0,0,0,0,0,"0,0","0,0","0,0","0,0","0,0","0,0",https://produto.mercadolivre.com.br/MLB-5347139250-tubo-de-succo-garrafa-termica-chacal-reposico-_JM?searchVariation=187492400023#polycard_client=search-nordic&searchVariation=187492400023&position=47&search_layout=grid&type=item&tracking_id=bfaa6532-b87f-4223-9609-f3411463ae91
34,Garrafa Térmica De 1 Litro Quick Press Samba Emsa Preta Cor Preto,"R$ 252,30",Novo  |  +100 vendidos,Loja oficialMagazine Rufino,MercadoLíder Platinum,"4,9","40,0",1,1,MLB,39,0,0,0,1,"97,5","0,0","0,0","0,0","2,5","39,0",https://www.mercadolivre.com.br/garrafa-termica-de-1-litro-quick-press-samba-emsa-preta-cor-preto/p/MLB20359461?searchVariation=MLB20359461#polycard_client=search-nordic&searchVariation=MLB20359461&wid=MLB3057908692&position=20&search_layout=grid&type=product&tracking_id=bfaa6532-b87f-4223-9609-f3411463ae91&sid=search
35,Garrafa Térmica Em Aço Inox Com Termômetro Digital 500 Ml Cor Preto,"R$ 23,48",Novo  |  +1000 vendidos,Vendido porDXL COMERCIAL,MercadoLíder,"4,7","109,0",1,1,MLB,89,11,5,2,2,"81,7","10,1","4,6","1,8","1,8","44,5",https://www.mercadolivre.com.br/garrafa-termica-em-aco-inox-com-termmetro-digital-500-ml-cor-preto/p/MLB22357595?searchVariation=MLB22357595#polycard_client=search-nordic&searchVariation=MLB22357595&wid=MLB3793580333&position=21&search_layout=grid&type=product&tracking_id=bfaa6532-b87f-4223-9609-f3411463ae91&sid=search
36,Botijão Térmico Com Torneira 10l Arezzo - 7.1.170 Unitermi Cor Vermelho,"R$ 132,79",Novo  |  +1000 vendidos,Vendido porAQTEMTUDO,MercadoLíder Platinum,"4,7","1,0",1,1,MLB,1,0,0,0,0,"85,7","8,5","2,2","1,1","2,5",inf,https://www.mercadolivre.com.br/botijo-termico-com-torneira-10l-arezzo-71170-unitermi-cor-vermelho/p/MLB19764955?searchVariation=MLB19764955#polycard_client=search-nordic&searchVariation=MLB19764955&wid=MLB3885011739&position=22&search_layout=grid&type=product&tracking_id=bfaa6532-b87f-4223-9609-f3411463ae91&sid=search
37,Garrafão Térmico Grande Garrafa Botijão 3 Litros Quente Frio,"R$ 29,20",Novo  |  +5 vendidos,TERTEM,+5milVendas concluídas,"0,0",,1,1,MLB,0,0,0,0,0,"0,0","0,0","0,0","0,0","0,0","0,0",https://produto.mercadolivre.com.br/MLB-4027317521-garrafo-termico-grande-garrafa-botijo-3-litros-quente-frio-_JM?searchVariation=187479334715#polycard_client=search-nordic&searchVariation=187479334715&position=48&search_layout=grid&type=item&tracking_id=bfaa6532-b87f-4223-9609-f3411463ae91
38,"Garrafa Termica Conserva Quente Frio Fitness Academia 1,2l Cor Verde","R$ 53,90",Novo  |  +1000 vendidos,Vendido porCELLPHONE ACESSORIOS,MercadoLíder Gold,"4,8","682,0",1,1,MLB,604,43,10,3,22,"88,6","6,3","1,5","0,4","3,2","27,5",https://www.mercadolivre.com.br/garrafa-termica-conserva-quente-frio-fitness-academia-12l-cor-verde/p/MLB28995092?searchVariation=MLB28995092#polycard_client=search-nordic&searchVariation=MLB28995092&wid=MLB3716641899&position=23&search_layout=grid&type=product&tracking_id=bfaa6532-b87f-4223-9609-f3411463ae91&sid=search
39,"Garrafa Térmica Vidro Lúmina 1,8l Para Café Ou Chá Termolar Cor Cinza","R$ 108,81",Novo  |  +1000 vendidos,Vendido porDistribuidora Galante,MercadoLíder Platinum,"4,6","5,0",1,1,MLB,5,0,0,0,0,"82,1","6,7","3,1","1,7","6,4",inf,https://www.mercadolivre.com.br/garrafa-termica-vidro-lumina-18l-para-cafe-ou-cha-termolar-cor-cinza/p/MLB25205455?searchVariation=MLB25205455#polycard_client=search-nordic&searchVariation=MLB25205455&wid=MLB4036806675&position=24&search_layout=grid&type=product&tracking_id=bfaa6532-b87f-4223-9609-f3411463ae91&sid=search
40,Garrafa Térmica 1200ml Bebidas Quentes E Frias Adequado para utilização diária em casa Cor Cinza-escuro,"R$ 59,99",Novo  |  +1000 vendidos,Vendido porHJE202406,MercadoLíder Platinum,"4,8","961,0",1,1,MLB,864,52,13,7,25,"89,9","5,4","1,4","0,7","2,6","34,6",https://www.mercadolivre.com.br/garrafa-termica-1200ml-bebidas-quentes-e-frias-adequado-para-utilizaco-diaria-em-casa-cor-cinza-escuro/p/MLB37800829?searchVariation=MLB37800829#polycard_client=search-nordic&searchVariation=MLB37800829&wid=MLB4024338535&position=25&search_layout=grid&type=product&tracking_id=bfaa6532-b87f-4223-9609-f3411463ae91&sid=search
41,Garrafa De Mesa Termica Lumina Termolar 500ml Inox,"R$ 75,90",Novo  |  +5mil vendidos,Vendido porDistribuidora Galante,MercadoLíder Platinum,"4,6","5,0",1,1,MLB,5,0,0,0,0,"82,1","6,7","3,1","1,7","6,4",inf,https://www.mercadolivre.com.br/garrafa-de-mesa-termica-lumina-termolar-500ml-inox/p/MLB20536321?searchVariation=MLB20536321#polycard_client=search-nordic&searchVariation=MLB20536321&wid=MLB4623258106&position=26&search_layout=grid&type=product&tracking_id=bfaa6532-b87f-4223-9609-f3411463ae91&sid=search
42,Termo Soprano Exclusiva 1L preto y inoxidável,R$ 165,Novo  |  +1000 vendidos,Loja oficialJaú Pesca,MercadoLíder Platinum,"4,7","882,0",1,1,MLB,766,51,18,7,40,"86,8","5,8","2,0","0,8","4,5","19,1",https://www.mercadolivre.com.br/termo-soprano-exclusiva-1l-preto-y-inoxidavel/p/MLB10249092?searchVariation=MLB10249092#polycard_client=search-nordic&searchVariation=MLB10249092&wid=MLB3943351223&position=27&search_layout=grid&type=product&tracking_id=bfaa6532-b87f-4223-9609-f3411463ae91&sid=search
43,Garrafa Térmica Inox Termômetro Visor Led Tampa Vácuo 500ml Cor Preto,"R$ 17,11",Novo  |  +5mil vendidos,Vendido porFORCEFULL,Avaliação não disponível,"4,5","351,0",1,1,MLB,258,50,14,10,19,"73,5","14,2","4,0","2,9","5,4","13,6",https://www.mercadolivre.com.br/garrafa-termica-inox-termmetro-visor-led-tampa-vacuo-500ml-cor-preto/p/MLB21472812?searchVariation=MLB21472812#polycard_client=search-nordic&searchVariation=MLB21472812&wid=MLB3992299903&position=28&search_layout=grid&type=product&tracking_id=bfaa6532-b87f-4223-9609-f3411463ae91&sid=search
44,Garrafa Térmica Esportiva - 800ml,R$ 50,Novo  |  1 vendido,GUNDIMCAROL,3Vendas concluídas,"0,0",,1,1,MLB,0,0,0,0,0,"0,0","0,0","0,0","0,0","0,0","0,0",https://produto.mercadolivre.com.br/MLB-5344417974-garrafa-termica-esportiva-800ml-_JM?searchVariation=183311465860#polycard_client=search-nordic&searchVariation=183311465860&position=49&search_layout=grid&type=item&tracking_id=bfaa6532-b87f-4223-9609-f3411463ae91
45,12 Garrafa Térmica Xícara Personalizada Empresa Nome Logo,"R$ 467,88",Novo  |  2 vendidos,Coconut Ice,+10milVendas concluídas,"0,0",,1,1,MLB,0,0,0,0,0,"0,0","0,0","0,0","0,0","0,0","0,0",https://produto.mercadolivre.com.br/MLB-5368262802-12-garrafa-termica-xicara-personalizada-empresa-nome-logo-_JM?searchVariation=183479259770#polycard_client=search-nordic&searchVariation=183479259770&position=50&search_layout=grid&type=item&tracking_id=bfaa6532-b87f-4223-9609-f3411463ae91
46,Garrafa Térmica Termolar Magic Pump 1 Litro,"R$ 49,90",Novo  |  +1000 vendidos,Vendido porCordeiro Home,MercadoLíder Platinum,"4,7","67,0",1,1,MLB,58,4,1,0,4,"86,6","6,0","1,5","0,0","6,0","14,5",https://www.mercadolivre.com.br/garrafa-termica-termolar-magic-pump-1-litro/p/MLB26587016?searchVariation=MLB26587016#polycard_client=search-nordic&searchVariation=MLB26587016&wid=MLB3937706834&position=29&search_layout=grid&type=product&tracking_id=bfaa6532-b87f-4223-9609-f3411463ae91&sid=search
47,Invicta Garrafa térmica Airpot Inox Slim de vidro 1.8L Cor Prateado,"R$ 78,56",Novo  |  +10mil vendidos,Loja oficialRei Dos Térmicos,MercadoLíder Platinum,"4,5","5,0",1,1,MLB,5,0,0,0,0,"81,0","7,0","3,5","1,7","6,8",inf,https://www.mercadolivre.com.br/invicta-garrafa-termica-airpot-inox-slim-de-vidro-18l-cor-prateado/p/MLB10217010?searchVariation=MLB10217010#polycard_client=search-nordic&searchVariation=MLB10217010&wid=MLB3889262983&position=30&search_layout=grid&type=product&tracking_id=bfaa6532-b87f-4223-9609-f3411463ae91&sid=search
48,Cokunst Premium Academia 500ml,"R$ 48,90",Novo  |  +5mil vendidos,Vendido porDOMEDOME20230630165016,MercadoLíder Gold,"4,7","1,0",1,1,MLB,1,0,0,0,0,"81,3","10,4","3,9","1,6","2,8",inf,https://www.mercadolivre.com.br/cokunst-premium-academia-500ml/p/MLB26880334?searchVariation=MLB26880334#polycard_client=search-nordic&searchVariation=MLB26880334&wid=MLB4148965090&position=31&search_layout=grid&type=product&tracking_id=bfaa6532-b87f-4223-9609-f3411463ae91&sid=search
49,Garrafa Térmica Gocase Fresh Inox Parede Dupla Isolada 650ml,"R$ 143,99",Novo  |  +1000 vendidos,Loja oficialAzbuy,MercadoLíder Platinum,"4,8","1,0",1,1,MLB,1,0,0,0,0,"91,1","4,7","1,7","0,8","1,8",inf,https://www.mercadolivre.com.br/garrafa-termica-gocase-fresh-inox-parede-dupla-isolada-650ml/p/MLB28835029?searchVariation=MLB28835029#polycard_client=search-nordic&searchVariation=MLB28835029&wid=MLB3541305305&position=32&search_layout=grid&type=product&tracking_id=bfaa6532-b87f-4223-9609-f3411463ae91&sid=search
50,Garrafa Térmica Resistente Mor 1 Litro Para Café Chá Cor Preto,"R$ 34,31",Novo  |  +1000 vendidos,Vendido porCLICKPEOPLE,MercadoLíder Platinum,"4,6","334,0",1,1,MLB,276,21,11,3,23,"82,6","6,3","3,3","0,9","6,9","12,0",https://www.mercadolivre.com.br/garrafa-termica-resistente-mor-1-litro-para-cafe-cha-cor-preto/p/MLB24436513?searchVariation=MLB24436513#polycard_client=search-nordic&searchVariation=MLB24436513&wid=MLB3818591227&position=3&search_layout=grid&type=product&tracking_id=bfaa6532-b87f-4223-9609-f3411463ae91&sid=search
51,Garrafa Térmica 1 Litro Com Termômetro Led Para Chás / Café,"R$ 53,06",Novo  |  +10mil vendidos,DARU20240421093708,+100milVendas concluídas,"4,5","5,0",2,2,MLB,4,1,0,0,0,"75,4","10,5","5,1","2,8","6,1",inf,https://click1.mercadolivre.com.br/mclics/clicks/external/MLB/count?a=LiN86IHsFAChnmLrasQZqRFNMVaL%2FVQBAmFihPbrRQ5RT2ktTzMlGo2z2dDPfLh1HGdyY3jMekovqWrK588zVHEWmesMwUVFp73X0NQqHtMMeYWI%2BkIDrV9iTIe%2BNxPTE%2BOMDgH2ntoPiLZStHklVa4S%2BM84D6hYLBicUtXEXbc4Q4%2FSgJQSQHzMVR6SgU6wYtn9S8fAXPgupFRwEY4qiaH9fKQ4Q5QbaaIaSOSu1LQnFZPYoMiCPyHbz%2Bkp1z1AV9kaTryAWJVLDmoT20v8TCaBINS%2FeW6NIrJypGtUkUt3c21Wr4Z7ekcP8UK1OwgYA3rwiBJh9bJOXlYJ8O9Guf6oTff2aDVH%2FlODneMV48vS0%2F87805OeAEEpCbsUxoq8HwRBkTBdr%2FEgOH%2BLz%2FAF7ZBDzSwwx5SH3St%2F9rN77toquCWmet2O69yx%2BDfHLVM1K92tsaJ4W1SWoIeaMioGimmI3xaiVlSBomwekwQIhHfUqaOrfPz3HJkV2D1pol7Zsik7eBD%2BRDOsAFjy93BvA%2Bth8vvY7vXLuos26TDJAMqW1S6oia4kajkiQLy%2ByhxOlwFeNRLX0O7xhW6p1qoYhg1nlAINQ7KIQxLh4xj6H%2BnJKf%2F1%2FA7X9ZTlZKYLP7VR3MdS0719Yi5GSwyVKp4ndOfK9vrfXtQX2MrFkyjxK5kOi9LRDjP3JE70%2BV98AlhIQ4ZuJMUgcWRHWqQVeBgAQI%2BfdVolhFe5dm1dbX7TwOZ6iE8N%2BSgFeMKACfYEHDDXyFi%2BFc7JL6UxUxPcgIRzvptF6zwXTvu6yfwXgRDQ5Ik0N7Nhcx9zvwd%2Bh%2BbREJontOUG%2BDiSc50hZqGD0n9eYYoXLS7RhU80LqOEA%2FzFWYvtCt%2FxFh3Xw%3D%3D&searchVariation=184022220277#polycard_client=search-nordic&tracking_id=cdfe1a44-1753-4bc2-b23f-24e1d48e0163
52,Garrafa Térmica Genérica 1l Com Termômetro E Led Café/chá,"R$ 48,85",Novo  |  +25 vendidos,CM20250219101741,+100Vendas concluídas,"0,0",,2,2,MLB,0,0,0,0,0,"0,0","0,0","0,0","0,0","0,0","0,0",https://click1.mercadolivre.com.br/mclics/clicks/external/MLB/count?a=lqp%2Bj34qmVpe2Pbm6sC8icTTh%2FmcMHAkj7mbkk1LGh2vy9vp5ez%2Boxjv1VzDygix1498iNzC5RUMgHGv7oAVBqVhac4wJ2kgVze7%2FM8vGH1EMqjnrwRdwKtvm8vO9XHnbCsg6%2Bko1gBdBYYVr0AUDvI%2Bqm%2BQ6lvtDVwZz6G2pOiDMIgCWRAGhwH2HecFkCpD7EBZqSTIUc4RVMAJiWuIiruTij7UZbNRFowzv2GHXESGa23WNUtghmAvQbt1hdp1Vi9ZD9Dhp18U3JcJHZC6JWvT4oGFFpkTLBZD4JTKBNAEvU9%2FL4fF45UPBRz5fw2Wb70XoVdTeUJoJ94i6apAyUG19%2F4zV4mKlKazJjbS7%2B8J%2B%2F8txhLJBwxrEFbyr5keyBiOEQF5%2FdaM%2FiYMFISlwK%2FOo%2FTQ8ceFIqeIxEAyW1S9CgnwCabBzVIBO5mM%2B4Zb7XcgsfWv2Gvril%2FyKt%2FrJ62eDqe8DH153JHpbrDhi%2FJDx%2F2Dezp8IQmCJQBCQNP%2FWBS%2BFGuR%2F79baEnVqszehWs%2BFjCZ3EFJl41EAKMAm%2Bi8qLXO5D9rMAGIKshsxA72K1jo2UQaFXdVPUYsUb9j%2BBafzlmo05COTmKJocOzEqr2iUw%2B3Q9dlxGgeVuM8KmFVtyRoZVI7p4r3qr8RE9A7RM4vT1TsrzGOMm6tVV7g2Vr8WA%2FCC2M0He3wjtU5mVF5XiOWZShWwApPoLLqWg7xAjMYL68Uwmj6lEJ3xzP%2F7J6DNMm2obko8a%2Bvu%2B8c%2FuCBb20EY8faBeT3HtclPkMfaSo9%2FlQkwYzJZmLvLCknQuGzx%2Bzlluvm3k521bEQ7iYWj7DT3knMGi%2B5ilcAKDhT%2BFVmQKCEwYophBF0zFYa%2B6MEHlD7Ka%2F&searchVariation=187062495333#polycard_client=search-nordic&tracking_id=cdfe1a44-1753-4bc2-b23f-24e1d48e0163
53,Garrafa Térmica Resistente Mor 1 Litro Para Café Chá Cor Preto,"R$ 34,31",Novo  |  +1000 vendidos,Vendido porCLICKPEOPLE,MercadoLíder Platinum,"4,6","334,0",2,2,MLB,276,21,11,3,23,"82,6","6,3","3,3","0,9","6,9","12,0",https://www.mercadolivre.com.br/garrafa-termica-resistente-mor-1-litro-para-cafe-cha-cor-preto/p/MLB24436513?searchVariation=MLB24436513#polycard_client=search-nordic&searchVariation=MLB24436513&wid=MLB3818591227&position=5&search_layout=grid&type=product&tracking_id=cdfe1a44-1753-4bc2-b23f-24e1d48e0163&sid=search
54,Garrafa Térmica De Aço Inoxidável 950ml,R$ 45,Novo  |  +5 vendidos,SS20240928131614,+100Vendas concluídas,"0,0",,2,2,MLB,0,0,0,0,0,"0,0","0,0","0,0","0,0","0,0","0,0",https://produto.mercadolivre.com.br/MLB-3927646477-garrafa-termica-de-aco-inoxidavel-950ml-_JM?searchVariation=182447973756#polycard_client=search-nordic&searchVariation=182447973756&position=37&search_layout=grid&type=item&tracking_id=cdfe1a44-1753-4bc2-b23f-24e1d48e0163
55,Garrafa Térmica Isomax 1l Ntk Camping Aço Inoxidável C Alça,"R$ 72,70",Novo  |  +25 vendidos,NINJA FERMOTOPARTS,+50milVendas concluídas,"5,0","4,0",2,2,MLB,4,0,0,0,0,"100,0","0,0","0,0","0,0","0,0",inf,https://produto.mercadolivre.com.br/MLB-5335360232-garrafa-termica-isomax-1l-ntk-camping-aco-inoxidavel-c-alca-_JM?searchVariation=187376988649#polycard_client=search-nordic&searchVariation=187376988649&position=38&search_layout=grid&type=item&tracking_id=cdfe1a44-1753-4bc2-b23f-24e1d48e0163
56,Garrafa Jarra Térmica Inox Termômetro Digital 1l C/ Display Cor Preto,"R$ 55,11",Novo  |  +1000 vendidos,Vendido porRSAM_IMPORTS,MercadoLíder Platinum,"4,6","299,0",2,2,MLB,250,25,5,6,13,"83,6","8,4","1,7","2,0","4,3","19,2",https://www.mercadolivre.com.br/garrafa-jarra-termica-inox-termmetro-digital-1l-c-display-cor-preto/p/MLB39869301?searchVariation=MLB39869301#polycard_client=search-nordic&searchVariation=MLB39869301&wid=MLB5177227546&position=3&search_layout=grid&type=product&tracking_id=cdfe1a44-1753-4bc2-b23f-24e1d48e0163&sid=search
57,Vittak Garrafa de Água Térmica Aço Inox Gelada Anti Vazamento 500ml de Dupla Camada com Tampa Rosqueável,"R$ 42,68",Novo  |  +1000 vendidos,Loja oficialEletroFlex,MercadoLíder Platinum,"4,7","589,0",2,2,MLB,491,53,15,2,28,"83,4","9,0","2,5","0,3","4,8","17,5",https://www.mercadolivre.com.br/vittak-garrafa-de-agua-termica-aco-inox-gelada-anti-vazamento-500ml-de-dupla-camada-com-tampa-rosqueavel/p/MLB36757240?searchVariation=MLB36757240#polycard_client=search-nordic&searchVariation=MLB36757240&wid=MLB4628802296&position=6&search_layout=grid&type=product&tracking_id=cdfe1a44-1753-4bc2-b23f-24e1d48e0163&sid=search
58,Termo Invicta GLT Pressão 1L pretolisa,"R$ 49,90",Novo  |  +5mil vendidos,Vendido porADVANZCOMMERCE,MercadoLíder Platinum,"4,5","1,0",2,2,MLB,1,0,0,0,0,"76,9","8,5","5,0","2,2","7,4",inf,https://www.mercadolivre.com.br/termo-invicta-glt-presso-1l-pretolisa/p/MLB12793771?searchVariation=MLB12793771#polycard_client=search-nordic&searchVariation=MLB12793771&wid=MLB5263075352&position=10&search_layout=grid&type=product&tracking_id=cdfe1a44-1753-4bc2-b23f-24e1d48e0163&sid=search
59,Garrafão Térmico 5 Litros Supertermo Termolar Cor Azul,"R$ 35,42",Novo  |  +10mil vendidos,Vendido porDistribuidora Galante,MercadoLíder Platinum,"4,7","1,0",2,2,MLB,1,0,0,0,0,"84,2","9,6","2,8","1,1","2,2",inf,https://www.mercadolivre.com.br/garrafo-termico-5-litros-supertermo-termolar-cor-azul/p/MLB19724263?searchVariation=MLB19724263#polycard_client=search-nordic&searchVariation=MLB19724263&wid=MLB4258255744&position=8&search_layout=grid&type=product&tracking_id=cdfe1a44-1753-4bc2-b23f-24e1d48e0163&sid=search
60,Garrafa Água De Aço Inox 750ml Mor Capa Neoprene Alça Academia Caminhada,R$ 36,Novo  |  +10mil vendidos,Vendido porKAB COMERCIAL,MercadoLíder Platinum,"4,3","756,0",2,2,MLB,544,73,52,30,57,"72,0","9,7","6,9","4,0","7,5","9,5",https://www.mercadolivre.com.br/garrafa-agua-de-aco-inox-750ml-mor-capa-neoprene-alca-academia-caminhada/p/MLB19699651?searchVariation=MLB19699651#polycard_client=search-nordic&searchVariation=MLB19699651&wid=MLB5179788422&position=9&search_layout=grid&type=product&tracking_id=cdfe1a44-1753-4bc2-b23f-24e1d48e0163&sid=search
61,Garrafa Térmica 1200ml Bebidas Quentes E Frias Cor Azul-marinho Portátil Lsolamento De Aço Inoxidável 304 Térmico Antiderrapante,"R$ 59,24",Novo  |  +500 vendidos,Vendido porLQM202310,MercadoLíder Platinum,"4,8","138,0",2,2,MLB,124,8,0,2,4,"89,9","5,8","0,0","1,4","2,9","31,0",https://www.mercadolivre.com.br/garrafa-termica-1200ml-bebidas-quentes-e-frias-cor-azul-marinho-portatil-lsolamento-de-aco-inoxidavel-304-termico-antiderrapante/p/MLB47842474?searchVariation=MLB47842474#polycard_client=search-nordic&searchVariation=MLB47842474&wid=MLB5027980608&position=12&search_layout=grid&type=product&tracking_id=cdfe1a44-1753-4bc2-b23f-24e1d48e0163&sid=search
62,Garrafa Aço Inoxidavel 710 Ml Puma Importada Eua,R$ 262,Novo,MY.BEST.BUY,+500Vendas concluídas,"0,0",,2,2,MLB,0,0,0,0,0,"0,0","0,0","0,0","0,0","0,0","0,0",https://produto.mercadolivre.com.br/MLB-5364202036-garrafa-aco-inoxidavel-710-ml-puma-importada-eua-_JM?searchVariation=183437738020#polycard_client=search-nordic&searchVariation=183437738020&position=39&search_layout=grid&type=item&tracking_id=cdfe1a44-1753-4bc2-b23f-24e1d48e0163
63,Cokunst Premium Academia De Água Squeeze Térmica Inox Mantém Temperatura Cor Branca 500 ML,"R$ 44,13",Novo  |  +1000 vendidos,Vendido porDOMEDOME20230630165016,MercadoLíder Gold,"4,7","1,0",2,2,MLB,1,0,0,0,0,"81,3","10,4","3,9","1,6","2,8",inf,https://www.mercadolivre.com.br/cokunst-premium-academia-de-agua-squeeze-termica-inox-mantem-temperatura-cor-branca-500-ml/p/MLB26880335?searchVariation=MLB26880335#polycard_client=search-nordic&searchVariation=MLB26880335&wid=MLB4270356016&position=4&search_layout=grid&type=product&tracking_id=cdfe1a44-1753-4bc2-b23f-24e1d48e0163&sid=search
64,Garrafa Térmica Squeeze De Academia Inox Água 1 Litro Sports Start Premium Cor Preto,"R$ 39,87",Novo  |  +1000 vendidos,Vendido porSTARTCOMERCIODIGITAL,MercadoLíder,"4,7","853,0",2,2,MLB,742,55,19,12,25,"87,0","6,5","2,2","1,4","2,9","29,7",https://www.mercadolivre.com.br/garrafa-termica-squeeze-de-academia-inox-agua-1-litro-sports-start-premium-cor-preto/p/MLB29068823?searchVariation=MLB29068823#polycard_client=search-nordic&searchVariation=MLB29068823&wid=MLB4308311614&position=29&search_layout=grid&type=product&tracking_id=cdfe1a44-1753-4bc2-b23f-24e1d48e0163&sid=search
65,"Garrafa Térmica Em Aço Inox 1,5 Litros - Chacal","R$ 106,52",Novo  |  +50 vendidos,Vendido porBR GROW,MercadoLíder Gold,"0,0",,2,2,MLB,0,0,0,0,0,"0,0","0,0","0,0","0,0","0,0","0,0",https://www.mercadolivre.com.br/garrafa-termica-em-aco-inox-15-litros-chacal/p/MLB41270064?searchVariation=MLB41270064#polycard_client=search-nordic&searchVariation=MLB41270064&wid=MLB5368895916&position=15&search_layout=grid&type=product&tracking_id=cdfe1a44-1753-4bc2-b23f-24e1d48e0163&sid=search
66,Garrafa Térmica Wolff Bird De Plástico Branca 1l Cor Branco,"R$ 76,90",Novo  |  +1000 vendidos,Vendido porPREMIER CASA ESTILO,MercadoLíder Platinum,"4,7","385,0",2,2,MLB,341,22,5,2,15,"88,6","5,7","1,3","0,5","3,9","22,7",https://www.mercadolivre.com.br/garrafa-termica-wolff-bird-de-plastico-branca-1l-cor-branco/p/MLB20582853?searchVariation=MLB20582853#polycard_client=search-nordic&searchVariation=MLB20582853&wid=MLB3635396453&position=11&search_layout=grid&type=product&tracking_id=cdfe1a44-1753-4bc2-b23f-24e1d48e0163&sid=search
67,Garrafa Térmica Stanley Slim Bottle Ash Gloss 591ml,R$ 295,Novo  |  4 vendidos,Victoria Louças,MercadoLíder Platinum,"0,0",,2,2,MLB,0,0,0,0,0,"0,0","0,0","0,0","0,0","0,0","0,0",https://produto.mercadolivre.com.br/MLB-5348827156-garrafa-termica-stanley-slim-bottle-ash-gloss-591ml-_JM?searchVariation=183339713814#polycard_client=search-nordic&searchVariation=183339713814&position=40&search_layout=grid&type=item&tracking_id=cdfe1a44-1753-4bc2-b23f-24e1d48e0163
68,Garrafa Térmica 100% Inox Revolution 1.9l Com Bomba Termolar Cor Prateado,"R$ 322,91",Novo  |  +5mil vendidos,Vendido porDistribuidora Galante,MercadoLíder Platinum,"4,8","1,0",2,2,MLB,1,0,0,0,0,"89,3","5,0","2,0","0,8","2,8",inf,https://www.mercadolivre.com.br/garrafa-termica-100-inox-revolution-19l-com-bomba-termolar-cor-prateado/p/MLB19724357?searchVariation=MLB19724357#polycard_client=search-nordic&searchVariation=MLB19724357&wid=MLB3681289581&position=20&search_layout=grid&type=product&tracking_id=cdfe1a44-1753-4bc2-b23f-24e1d48e0163&sid=search
69,Jarra Térmica 500ml Tramontina Exata Preto 61636/053,"R$ 40,66",Novo  |  +100 vendidos,Vendido porTITAN_SP,MercadoLíder Platinum,"5,0","13,0",2,2,MLB,13,0,0,0,0,"100,0","0,0","0,0","0,0","0,0",inf,https://www.mercadolivre.com.br/jarra-termica-500ml-tramontina-exata-preto-61636053/p/MLB37215669?searchVariation=MLB37215669#polycard_client=search-nordic&searchVariation=MLB37215669&wid=MLB3956404681&position=7&search_layout=grid&type=product&tracking_id=cdfe1a44-1753-4bc2-b23f-24e1d48e0163&sid=search
70,Garrafa Térmica Pacco Vyta 500ml- Personalização Grátis,"R$ 278,40",Novo  |  +5 vendidos,SAUDEMOVIMENTO,+1000Vendas concluídas,"0,0",,2,2,MLB,0,0,0,0,0,"0,0","0,0","0,0","0,0","0,0","0,0",https://produto.mercadolivre.com.br/MLB-5358131910-garrafa-termica-pacco-vyta-500ml-personalizaco-gratis-_JM?searchVariation=187578438783#polycard_client=search-nordic&searchVariation=187578438783&position=41&search_layout=grid&type=item&tracking_id=cdfe1a44-1753-4bc2-b23f-24e1d48e0163
71,Garrafão Térmico 5 Litros Azul Supertermo Termolar,"R$ 38,46",Novo  |  +10mil vendidos,Vendido porDistribuidora Galante,MercadoLíder Platinum,"4,7","5,0",2,2,MLB,5,0,0,0,0,"82,8","10,0","3,9","1,1","2,2",inf,https://www.mercadolivre.com.br/garrafo-termico-5-litros-azul-supertermo-termolar/p/MLB22498934?searchVariation=MLB22498934#polycard_client=search-nordic&searchVariation=MLB22498934&wid=MLB3752179777&position=18&search_layout=grid&type=product&tracking_id=cdfe1a44-1753-4bc2-b23f-24e1d48e0163&sid=search
72,Garrafa Térmica Cascade Galapagos Preto e Amarelo 710ml,"R$ 140,99",Novo  |  +500 vendidos,Vendido porSPLOGIC,Avaliação não disponível,"4,9","413,0",2,2,MLB,399,7,2,1,4,"96,6","1,7","0,5","0,2","1,0","99,8",https://www.mercadolivre.com.br/garrafa-termica-cascade-galapagos-preto-e-amarelo-710ml/p/MLB26206077?searchVariation=MLB26206077#polycard_client=search-nordic&searchVariation=MLB26206077&wid=MLB3514627873&position=23&search_layout=grid&type=product&tracking_id=cdfe1a44-1753-4bc2-b23f-24e1d48e0163&sid=search
73,Garrafa Térmica Thermos Funtainer Spider-man,"R$ 256,80",Novo  |  1 vendido,CAREMIAMI,+5milVendas concluídas,"0,0",,2,2,MLB,0,0,0,0,0,"0,0","0,0","0,0","0,0","0,0","0,0",https://produto.mercadolivre.com.br/MLB-5346729900-garrafa-termica-thermos-funtainer-spider-man-_JM?searchVariation=187490913091#polycard_client=search-nordic&searchVariation=187490913091&position=42&search_layout=grid&type=item&tracking_id=cdfe1a44-1753-4bc2-b23f-24e1d48e0163
74,Garrafa Com Alça E Bico 960ml Parede Dupla Treino Viagem,"R$ 65,87",Novo  |  1 vendido,LABELLYSHOP,+50Vendas concluídas,"0,0",,2,2,MLB,0,0,0,0,0,"0,0","0,0","0,0","0,0","0,0","0,0",https://produto.mercadolivre.com.br/MLB-5361021750-garrafa-com-alca-e-bico-960ml-parede-dupla-treino-viagem-_JM?searchVariation=183419554618#polycard_client=search-nordic&searchVariation=183419554618&position=43&search_layout=grid&type=item&tracking_id=cdfe1a44-1753-4bc2-b23f-24e1d48e0163
75,Garrafa Térmica Color Mor 500ml Ref.8072 - Azul,"R$ 49,34",Novo  |  +500 vendidos,Vendido porEASY_DECOR,MercadoLíder Platinum,"4,9","168,0",2,2,MLB,158,7,2,0,1,"94,0","4,2","1,2","0,0","0,6","158,0",https://www.mercadolivre.com.br/garrafa-termica-color-mor-500ml-ref8072-azul/p/MLB27606938?searchVariation=MLB27606938#polycard_client=search-nordic&searchVariation=MLB27606938&wid=MLB5276872458&position=30&search_layout=grid&type=product&tracking_id=cdfe1a44-1753-4bc2-b23f-24e1d48e0163&sid=search
76,Garrafa Térmica 400 Ml Inox Infantil,"R$ 65,90",Novo  |  1 vendido,ID20250324115214,+5Vendas concluídas,"0,0",,2,2,MLB,0,0,0,0,0,"0,0","0,0","0,0","0,0","0,0","0,0",https://produto.mercadolivre.com.br/MLB-4033145831-garrafa-termica-400-ml-inox-infantil-_JM?searchVariation=183365292710#polycard_client=search-nordic&searchVariation=183365292710&position=44&search_layout=grid&type=item&tracking_id=cdfe1a44-1753-4bc2-b23f-24e1d48e0163
77,"Bestbestowala Garrafa De Água Esportiva Dupla Para Bebida, C","R$ 54,24",Novo  |  1 vendido,CNCHIQUITO-BRR,+10milVendas concluídas,"0,0",,2,2,MLB,0,0,0,0,0,"0,0","0,0","0,0","0,0","0,0","0,0",https://produto.mercadolivre.com.br/MLB-4037701139-bestbestowala-garrafa-de-agua-esportiva-dupla-para-bebida-c-_JM?searchVariation=187584383865#polycard_client=search-nordic&searchVariation=187584383865&position=45&search_layout=grid&type=item&tracking_id=cdfe1a44-1753-4bc2-b23f-24e1d48e0163
78,Garrafinha Térmica Inox Squeeze Água Gelada Display Preto,"R$ 25,48",Novo  |  +5mil vendidos,Vendido porMEGA TRENDS,MercadoLíder Platinum,"4,3","393,0",2,2,MLB,273,45,28,15,32,"69,5","11,4","7,1","3,8","8,1","8,5",https://www.mercadolivre.com.br/garrafinha-termica-inox-squeeze-agua-gelada-display-preto/p/MLB35479670?searchVariation=MLB35479670#polycard_client=search-nordic&searchVariation=MLB35479670&wid=MLB4644015288&position=13&search_layout=grid&type=product&tracking_id=cdfe1a44-1753-4bc2-b23f-24e1d48e0163&sid=search
79,Termo Invicta Firenze Mini 250mL branco,"R$ 32,90",Novo  |  +5mil vendidos,Vendido porADVANZCOMMERCE,MercadoLíder Platinum,"4,6","1,0",2,2,MLB,1,0,0,0,0,"80,3","8,2","4,0","1,2","6,2",inf,https://www.mercadolivre.com.br/termo-invicta-firenze-mini-250ml-branco/p/MLB15289737?searchVariation=MLB15289737#polycard_client=search-nordic&searchVariation=MLB15289737&wid=MLB5262983438&position=25&search_layout=grid&type=product&tracking_id=cdfe1a44-1753-4bc2-b23f-24e1d48e0163&sid=search
80,Bule De Porcelana Bee 600 Ml Pcln268 - Hauskraft,"R$ 88,79",Novo  |  2 vendidos,NIVALMIX,+5milVendas concluídas,"0,0",,2,2,MLB,0,0,0,0,0,"0,0","0,0","0,0","0,0","0,0","0,0",https://produto.mercadolivre.com.br/MLB-4026936045-bule-de-porcelana-bee-600-ml-pcln268-hauskraft-_JM#polycard_client=search-nordic&position=46&search_layout=grid&type=item&tracking_id=cdfe1a44-1753-4bc2-b23f-24e1d48e0163&wid=MLB4026936045&sid=search
81,Bule Garrafa Térmica Exata 1l Café E Cha Etc Tramontina,"R$ 54,99",Novo  |  +1000 vendidos,Vendido porASNSOARES,MercadoLíder,"4,6","252,0",2,2,MLB,213,12,5,4,18,"84,5","4,8","2,0","1,6","7,1","11,8",https://www.mercadolivre.com.br/bule-garrafa-termica-exata-1l-cafe-e-cha-etc-tramontina/p/MLB22189438?searchVariation=MLB22189438#polycard_client=search-nordic&searchVariation=MLB22189438&wid=MLB3569861571&position=34&search_layout=grid&type=product&tracking_id=cdfe1a44-1753-4bc2-b23f-24e1d48e0163&sid=search
82,Botijão Galão Garrafa Térmica 5lt Unitermi Tererê Café Leite Cor Preto,"R$ 60,29",Novo  |  +5mil vendidos,Vendido porROSA LED,MercadoLíder Platinum,"4,6","1,0",2,2,MLB,1,0,0,0,0,"82,7","7,5","3,7","1,4","4,7",inf,https://www.mercadolivre.com.br/botijo-galo-garrafa-termica-5lt-unitermi-terer-cafe-leite-cor-preto/p/MLB22618963?searchVariation=MLB22618963#polycard_client=search-nordic&searchVariation=MLB22618963&wid=MLB5318880218&position=35&search_layout=grid&type=product&tracking_id=cdfe1a44-1753-4bc2-b23f-24e1d48e0163&sid=search
83,Termo Invicta GLT Pressão 1L metalizadolisa,"R$ 62,90",Novo  |  +5mil vendidos,Vendido porADVANZCOMMERCE,MercadoLíder Platinum,"4,5","1,0",2,2,MLB,1,0,0,0,0,"76,9","8,5","5,0","2,2","7,4",inf,https://www.mercadolivre.com.br/termo-invicta-glt-presso-1l-metalizadolisa/p/MLB15292657?searchVariation=MLB15292657#polycard_client=search-nordic&searchVariation=MLB15292657&wid=MLB3967183489&position=17&search_layout=grid&type=product&tracking_id=cdfe1a44-1753-4bc2-b23f-24e1d48e0163&sid=search
84,Garrafa Térmica 1000ml Oster Para Café Chá Aço Inox Prata Com Alça Casselbeck 146391.01,"R$ 152,65",Novo  |  +100 vendidos,Vendido porTHE COMPANY2002,MercadoLíder,"2,9","10,0",2,2,MLB,4,0,1,1,4,"40,0","0,0","10,0","10,0","40,0","1,0",https://www.mercadolivre.com.br/garrafa-termica-1000ml-oster-para-cafe-cha-aco-inox-prata-com-alca-casselbeck-14639101/p/MLB47608624?searchVariation=MLB47608624#polycard_client=search-nordic&searchVariation=MLB47608624&wid=MLB4040216327&position=31&search_layout=grid&type=product&tracking_id=cdfe1a44-1753-4bc2-b23f-24e1d48e0163&sid=search
85,Botijão Garrafão Térmico Com Torneira 10l Arezzo Preto Unitermi,"R$ 127,05",Novo  |  +5mil vendidos,Vendido porROSA LED,MercadoLíder Platinum,"4,7","1,0",2,2,MLB,1,0,0,0,0,"85,7","8,5","2,2","1,1","2,5",inf,https://www.mercadolivre.com.br/botijo-garrafo-termico-com-torneira-10l-arezzo-preto-unitermi/p/MLB19753933?searchVariation=MLB19753933#polycard_client=search-nordic&searchVariation=MLB19753933&wid=MLB3961572597&position=28&search_layout=grid&type=product&tracking_id=cdfe1a44-1753-4bc2-b23f-24e1d48e0163&sid=search
86,Garrafa Térmica Pressão Magic Pump 500ml Preta,"R$ 54,90",Novo  |  +100 vendidos,Vendido porCordeiro Home,MercadoLíder Platinum,"4,6","38,0",2,2,MLB,27,7,3,0,1,"71,0","18,4","7,9","0,0","2,6","27,0",https://www.mercadolivre.com.br/garrafa-termica-presso-magic-pump-500ml-preta/p/MLB26414618?searchVariation=MLB26414618#polycard_client=search-nordic&searchVariation=MLB26414618&wid=MLB4670711730&position=19&search_layout=grid&type=product&tracking_id=cdfe1a44-1753-4bc2-b23f-24e1d48e0163&sid=search
87,Garrafa Térmica Em Inox Com 3 Xícara Bebidas Quentes E Frias Cor Rosa,"R$ 38,63",Novo  |  +1000 vendidos,Loja oficialEletroFlex,MercadoLíder Platinum,"4,5","759,0",2,2,MLB,588,66,32,26,47,"77,5","8,7","4,2","3,4","6,2","12,5",https://www.mercadolivre.com.br/garrafa-termica-em-inox-com-3-xicara-bebidas-quentes-e-frias-cor-rosa/p/MLB27582977?searchVariation=MLB27582977#polycard_client=search-nordic&searchVariation=MLB27582977&wid=MLB3852777457&position=14&search_layout=grid&type=product&tracking_id=cdfe1a44-1753-4bc2-b23f-24e1d48e0163&sid=search
88,Garrafa Térmica Inox 1 Litro Térmica De Aço Inox Mantém A Bebida Gelada Por 24 Horas E Quente Por 12 Horas Fácil De Carregar Não Vaza Compacte Bonita E Resistente Squeeze,"R$ 48,99",Novo  |  +1000 vendidos,Loja oficialPLUSSMAR,MercadoLíder,"4,8","434,0",2,2,MLB,389,28,8,4,5,"89,6","6,5","1,8","0,9","1,1","77,8",https://www.mercadolivre.com.br/garrafa-termica-inox-1-litro-termica-de-aco-inox-mantem-a-bebida-gelada-por-24-horas-e-quente-por-12-horas-facil-de-carregar-no-vaza-compacte-bonita-e-resistente-squeeze/p/MLB36338378?searchVariation=MLB36338378#polycard_client=search-nordic&searchVariation=MLB36338378&wid=MLB3932216359&position=21&search_layout=grid&type=product&tracking_id=cdfe1a44-1753-4bc2-b23f-24e1d48e0163&sid=search
89,"Garrafa Térmica Resistente 1 Litro Para Café, Chá - Mor Cor Vermelho","R$ 32,18",Novo  |  +1000 vendidos,Vendido porCLICKPEOPLE,MercadoLíder Platinum,"4,7","140,0",2,2,MLB,123,8,3,2,4,"87,9","5,7","2,1","1,4","2,9","30,8",https://www.mercadolivre.com.br/garrafa-termica-resistente-1-litro-para-cafe-cha-mor-cor-vermelho/p/MLB22313473?searchVariation=MLB22313473#polycard_client=search-nordic&searchVariation=MLB22313473&wid=MLB5002903356&position=24&search_layout=grid&type=product&tracking_id=cdfe1a44-1753-4bc2-b23f-24e1d48e0163&sid=search
90,"Garrafa Térmica Esportiva Em Aço Inox, 800ml Parede Dupla","R$ 39,33",Novo  |  3 vendidos,fashiononline2,+1000Vendas concluídas,"0,0",,2,2,MLB,0,0,0,0,0,"0,0","0,0","0,0","0,0","0,0","0,0",https://produto.mercadolivre.com.br/MLB-5344633016-garrafa-termica-esportiva-em-aco-inox-800ml-parede-dupla-_JM?searchVariation=183315826388#polycard_client=search-nordic&searchVariation=183315826388&position=47&search_layout=grid&type=item&tracking_id=cdfe1a44-1753-4bc2-b23f-24e1d48e0163
91,Garrafa Térmica 4l Revestida Couro Rustica Terere Chima Agua,R$ 272,Novo,Mateyna Terere,+1000Vendas concluídas,"0,0",,2,2,MLB,0,0,0,0,0,"0,0","0,0","0,0","0,0","0,0","0,0",https://produto.mercadolivre.com.br/MLB-5364493830-garrafa-termica-4l-revestida-couro-rustica-terere-chima-agua-_JM?searchVariation=183438219662#polycard_client=search-nordic&searchVariation=183438219662&position=48&search_layout=grid&type=item&tracking_id=cdfe1a44-1753-4bc2-b23f-24e1d48e0163
92,Garrafa Térmica Nordk Purple N00040 Is The New Black Aço Inox 500ml Cor Roxo,"R$ 59,90",Novo  |  +100 vendidos,Loja oficialKubbo,MercadoLíder Platinum,"4,8","39,0",2,2,MLB,35,3,0,0,1,"89,7","7,7","0,0","0,0","2,6","35,0",https://www.mercadolivre.com.br/garrafa-termica-nordk-purple-n00040-is-the-new-black-aco-inox-500ml-cor-roxo/p/MLB26071485?searchVariation=MLB26071485#polycard_client=search-nordic&searchVariation=MLB26071485&wid=MLB3956520396&position=32&search_layout=grid&type=product&tracking_id=cdfe1a44-1753-4bc2-b23f-24e1d48e0163&sid=search
93,Presente Garrafa Água Disign Sujo Wd-40 Copo Térmico Inox,"R$ 245,10",Novo,SDOFICIAL PLATINUM,+10milVendas concluídas,"0,0",,2,2,MLB,0,0,0,0,0,"0,0","0,0","0,0","0,0","0,0","0,0",https://produto.mercadolivre.com.br/MLB-4045968091-presente-garrafa-agua-disign-sujo-wd-40-copo-termico-inox-_JM?searchVariation=183483278594#polycard_client=search-nordic&searchVariation=183483278594&position=49&search_layout=grid&type=item&tracking_id=cdfe1a44-1753-4bc2-b23f-24e1d48e0163
94,1200ml Garrafa Térmica Bebidas Quentes E Frias Adequado para desportos ao ar livre e campismo Cor Azul-marinho Genérica 100101,"R$ 59,28",Novo  |  +1000 vendidos,Vendido porHJE202406,MercadoLíder Platinum,"4,8","961,0",2,2,MLB,864,52,13,7,25,"89,9","5,4","1,4","0,7","2,6","34,6",https://www.mercadolivre.com.br/1200ml-garrafa-termica-bebidas-quentes-e-frias-adequado-para-desportos-ao-ar-livre-e-campismo-cor-azul-marinho-generica-100101/p/MLB37890112?searchVariation=MLB37890112#polycard_client=search-nordic&searchVariation=MLB37890112&wid=MLB5318904780&position=26&search_layout=grid&type=product&tracking_id=cdfe1a44-1753-4bc2-b23f-24e1d48e0163&sid=search
95,"Garrafa Térmica 4,0L Chá Água Frio Inox Chacal","R$ 156,90",Novo  |  +1000 vendidos,Vendido porSOMADO STORE,MercadoLíder,"4,7","126,0",2,2,MLB,108,7,3,3,5,"85,7","5,6","2,4","2,4","4,0","21,6",https://www.mercadolivre.com.br/garrafa-termica-40l-cha-agua-frio-inox-chacal/p/MLB22796808?searchVariation=MLB22796808#polycard_client=search-nordic&searchVariation=MLB22796808&wid=MLB5311102770&position=27&search_layout=grid&type=product&tracking_id=cdfe1a44-1753-4bc2-b23f-24e1d48e0163&sid=search
96,Garrafa Térmica 1l Marca Belakaza,"R$ 49,90",Novo,ANALUCIASILVAMAZER,+5Vendas concluídas,"0,0",,2,2,MLB,0,0,0,0,0,"0,0","0,0","0,0","0,0","0,0","0,0",https://produto.mercadolivre.com.br/MLB-4036899261-garrafa-termica-1l-marca-belakaza-_JM?searchVariation=187576480455#polycard_client=search-nordic&searchVariation=187576480455&position=50&search_layout=grid&type=item&tracking_id=cdfe1a44-1753-4bc2-b23f-24e1d48e0163
97,Garrafa Térmica Rolha 650ml Para Café Chá Florença Unitermi Cor Vermelho,"R$ 32,53",Novo  |  +1000 vendidos,Loja oficialVillegas Center,MercadoLíder Platinum,"4,7","1,0",2,2,MLB,1,0,0,0,0,"85,4","6,5","3,2","1,3","3,6",inf,https://www.mercadolivre.com.br/garrafa-termica-rolha-650ml-para-cafe-cha-florenca-unitermi-cor-vermelho/p/MLB24995926?searchVariation=MLB24995926#polycard_client=search-nordic&searchVariation=MLB24995926&wid=MLB3380675863&position=33&search_layout=grid&type=product&tracking_id=cdfe1a44-1753-4bc2-b23f-24e1d48e0163&sid=search
98,Revolution Thermolar Thermomar Black 1 Lts 5 Anos Bentan,R$ 161,Novo  |  +100 vendidos,Vendido porBUSCASHOPCOMERCIO,MercadoLíder Platinum,"4,3","6,0",2,2,MLB,3,2,1,0,0,"50,0","33,3","16,7","0,0","0,0",inf,https://www.mercadolivre.com.br/revolution-thermolar-thermomar-black-1-lts-5-anos-bentan/p/MLB26901728?searchVariation=MLB26901728#polycard_client=search-nordic&searchVariation=MLB26901728&wid=MLB3972254199&position=16&search_layout=grid&type=product&tracking_id=cdfe1a44-1753-4bc2-b23f-24e1d48e0163&sid=search
99,Modus Garrafa Térmica Isolada A Vácuo De Aço Inoxidável 1700ml Cor Verde,"R$ 144,39",Novo  |  +1000 vendidos,Vendido porF Coleção Selecionada,Avaliação não disponível,"4,9","483,0",2,2,MLB,451,22,4,1,5,"93,4","4,5","0,8","0,2","1,0","90,2",https://www.mercadolivre.com.br/modus-garrafa-termica-isolada-a-vacuo-de-aco-inoxidavel-1700ml-cor-verde/p/MLB29542356?searchVariation=MLB29542356#polycard_client=search-nordic&searchVariation=MLB29542356&wid=MLB5060269946&position=22&search_layout=grid&type=product&tracking_id=cdfe1a44-1753-4bc2-b23f-24e1d48e0163&sid=search
100,Soprano Botijão Garrafão Térmico Aspen 12 Litros,"R$ 292,90",Novo  |  +100 vendidos,Vendido por123 TUDO,MercadoLíder Platinum,"4,9","27,0",2,2,MLB,25,2,0,0,0,"92,6","7,4","0,0","0,0","0,0",inf,https://www.mercadolivre.com.br/soprano-botijo-garrafo-termico-aspen-12-litros/p/MLB19723953?searchVariation=MLB19723953#polycard_client=search-nordic&searchVariation=MLB19723953&wid=MLB4706331674&position=36&search_layout=grid&type=product&tracking_id=cdfe1a44-1753-4bc2-b23f-24e1d48e0163&sid=search
101,Garrafa Térmica 1 Litro Com Termômetro Led Para Chás / Café,"R$ 53,06",Novo  |  +10mil vendidos,DARU20240421093708,+100milVendas concluídas,"4,5","5,0",3,3,MLB,4,1,0,0,0,"75,4","10,5","5,1","2,8","6,1",inf,https://click1.mercadolivre.com.br/mclics/clicks/external/MLB/count?a=J4t9RA9uxV1Xo2Jx3xfqidL%2BN6T6pbHgtr54IrY6mmG2YHoK7F4OGiOajWOFCEyqCJp4skzT8I7hmbv1Je8MKsaQ%2BVe%2FIHHhh2wZgfdwY2IxGTb5NUByoRJnCx67MPI%2BInuqN1ATnU1QpXOhB%2Fv2Bm7STUIEB7mNrwmSZRQ4y6dlL2a6JbFuF0tapxKtrsB2lICmBWmYYhX07%2BpYeRAXJ3Fzv4%2BE%2FxowWFJrZcEiaPfM3pjtZ2%2FS6XQLoifKYmO8b7n2WkZshSA4UoVQpUB0lSkcy3f6NAALbj2gqEx%2F%2Bz76YD8kMEFQ0%2B3SKHo29bAI5yA1KB4Ga2SiiywNO3vwOkwlLTtvMXNl29e4SAJfyBNONIhUscv1d%2F2NDJedgXNozPA6fnLAGFMdXJ8qpAv3cPpkoi6XbGyil%2BGCua6p86IhyvW5tkprp2JtMtcARNwdmSDcc6nPC8Wv88H2oDDrNtwWwVtI5StCKfeEgdF6zKpKmWBRDXFWAL%2F0rN0LImog%2Fkeuei76zv0FFN%2FtsygdkchUkORo0nfhtvu3Gvd%2F1%2Bu14r2WFF%2FBPaMkNCwQsoIg24SYPZez0Fo9Yt2S81rPIyzhViBP%2Bqg7jdy0v7iybYmXVcCFvP%2Fa9I05gKD71Y6PcepaCQigFH2TOxOXa80%2FcgAb98aAsETrFa2WZ%2BvNCPzVlqdybpiv95RDhXslSn1tkEPmI3NFC3wwEPTnF%2Fc7NoYMwFCV5hf3EyIJ5tVhDIQhQvA29Ihgn%2FaCNQb27KY3Mty%2FoUpXUwFIsddiFAcLTtpDjmLAti6p%2FArPoSgt%2BjwzjDBmJPRGPZ093GdlqylKPCQJjIEngSm4dRywAWykG91AwWYA%2FW0gqXWpX%2FTB2pig9AQB1hwyFQ%3D%3D&searchVariation=184022220277#polycard_client=search-nordic&tracking_id=a39c4707-ab27-49de-8496-c661b8de32f9
102,Garrafa Térmica Genérica 1l Com Termômetro E Led Café/chá,"R$ 48,85",Novo  |  +25 vendidos,CM20250219101741,+100Vendas concluídas,"0,0",,3,3,MLB,0,0,0,0,0,"0,0","0,0","0,0","0,0","0,0","0,0",https://click1.mercadolivre.com.br/mclics/clicks/external/MLB/count?a=US0kjo%2B%2BWxJnuZTYAGdTpEdS674z92EuHNmbzwnQVUJbAvN1KgElYKYWkN%2FqgEoLDYhllT7XzUQmzEjJfzcHsAps%2BWytdpqNV1O3I3265Ru%2BFStCnzpEuhv8xGSud%2F3WG1j4Jjy8g9v6h2halxJp1s%2Fkf8CFYs4pEeigT5jIt2R2IOBVuVn2vlGcJGyyZSQypghRu6Cs1OH3bVH0AlXnbBfhPiHpEAQXm%2BTfm3Mo6TYubY2XAUMpNP8b34KeeqsqK5yDyoE0EW9l33jQ7Ws342ZVWqDD%2BVpGkF%2BvWRfp%2B5iB3ZSrwsDyIoJlPxEkdNVxk9y3ynHVfVNP6PzQVgYytRE1WO5AI%2FMgZ%2ByQFJjuweM5xnh0DAyYOmyRNyp7bEe8WeE0V2FCLClpvFl8yriIcpjKHVu%2F43WdJyFtAY26CgDQeqEh4vU%2Fu1ocroG%2F8LwO3%2BChi%2BRCJAVSchyJgkKmXWT%2FGETJIA0eRJqmSXm6deVD4cOq8u2Yn1583x4nowcBijto0N6lCt7CKv13yjwD%2B8UvWmHJbk2pyqdTI0uXfpNLl%2B8FYR29aBFxu%2FX0lQhY0d%2B%2FL0C5yxx7SjVNr%2B23Cwj78Jh7VFD4lZn6tMphGkiPhbntxROjcnHEM4s80RCWYR3ACdncd4cUeG53Jgs%2FA4sqaJCSQA225mymuvfXoZ7g%2BxJ4EtFbXdP%2FcOA7l1YvwecZIOTN2LcmMj%2Fb6DmMoqJVCaPBJTcz55UdnHPbNuftTgXh9vV9KcRuYLRiyHT0MaZZwhbrQ7NKdu%2BKsKLKt25%2Bb3m9HOsTNpQSyYDxF1a3VPmeCtEtNFzEuMCPG%2F8aE0OlO0zOiWXKmchkWORxZNTdqRsCtWFRx7Aalu5orJ0JDac83En0&searchVariation=187062495333#polycard_client=search-nordic&tracking_id=a39c4707-ab27-49de-8496-c661b8de32f9
103,Garrafa Térmica Farm Que Sede 500ml Original,R$ 149,Novo  |  +25 vendidos,TOP FASHION,+10milVendas concluídas,"5,0","1,0",3,3,MLB,1,0,0,0,0,"100,0","0,0","0,0","0,0","0,0",inf,https://produto.mercadolivre.com.br/MLB-4029589341-garrafa-termica-farm-que-sede-500ml-original-_JM?searchVariation=187502615931#polycard_client=search-nordic&searchVariation=187502615931&position=43&search_layout=grid&type=item&tracking_id=a39c4707-ab27-49de-8496-c661b8de32f9
104,Soprano Botijão Garrafão Térmico Aspen 12 Litros,"R$ 292,90",Novo  |  +100 vendidos,Vendido por123 TUDO,MercadoLíder Platinum,"4,9","27,0",3,3,MLB,25,2,0,0,0,"92,6","7,4","0,0","0,0","0,0",inf,https://www.mercadolivre.com.br/soprano-botijo-garrafo-termico-aspen-12-litros/p/MLB19723953?searchVariation=MLB19723953#polycard_client=search-nordic&searchVariation=MLB19723953&wid=MLB4706331674&position=15&search_layout=grid&type=product&tracking_id=a39c4707-ab27-49de-8496-c661b8de32f9&sid=search
105,Garrafa Térmica Inteligente Preto com mostrador de Temperatura 500 mL,"R$ 18,08",Novo  |  +10mil vendidos,Vendido porANDRELUIZFSOARES69,Avaliação não disponível,"4,4","1,0",3,3,MLB,1,0,0,0,0,"72,8","11,5","7,3","2,8","5,6",inf,https://www.mercadolivre.com.br/garrafa-termica-inteligente-preto-com-mostrador-de-temperatura-500-ml/p/MLB23811202?searchVariation=MLB23811202#polycard_client=search-nordic&searchVariation=MLB23811202&wid=MLB4038497753&position=26&search_layout=grid&type=product&tracking_id=a39c4707-ab27-49de-8496-c661b8de32f9&sid=search
106,Garrafa Térmica Academia 1200ml Bico Flip Aço Inoxidável,"R$ 77,25",Novo  |  +5 vendidos,PRODUTOS LANÇADOS,+10milVendas concluídas,"5,0","1,0",3,3,MLB,1,0,0,0,0,"100,0","0,0","0,0","0,0","0,0",inf,https://produto.mercadolivre.com.br/MLB-5343631396-garrafa-termica-academia-1200ml-bico-flip-aco-inoxidavel-_JM?searchVariation=187459315023#polycard_client=search-nordic&searchVariation=187459315023&position=44&search_layout=grid&type=item&tracking_id=a39c4707-ab27-49de-8496-c661b8de32f9
107,Vittak Garrafa Térmica 1 Litro Aço Inox Água Gelada Garantida Por 24 Horas Cor Prata Bebida Fria e Quente 1L,"R$ 52,90",Novo  |  +1000 vendidos,Loja oficialEletroFlex,MercadoLíder Platinum,"4,4","295,0",3,3,MLB,224,18,15,9,29,"75,9","6,1","5,1","3,0","9,8","7,7",https://www.mercadolivre.com.br/vittak-garrafa-termica-1-litro-aco-inox-agua-gelada-garantida-por-24-horas-cor-prata-bebida-fria-e-quente-1l/p/MLB37493093?searchVariation=MLB37493093#polycard_client=search-nordic&searchVariation=MLB37493093&wid=MLB5056800522&position=37&search_layout=grid&type=product&tracking_id=a39c4707-ab27-49de-8496-c661b8de32f9&sid=search
108,Garrafa Térmica Electrolux 1l Preta Sense To Go,R$ 234,Novo,TOMASIECHRISTREFRIGERACAOL,Avaliação não disponível,"0,0",,3,3,MLB,0,0,0,0,0,"0,0","0,0","0,0","0,0","0,0","0,0",https://produto.mercadolivre.com.br/MLB-5365412144-garrafa-termica-electrolux-1l-preta-sense-to-go-_JM?searchVariation=183446497994#polycard_client=search-nordic&searchVariation=183446497994&position=45&search_layout=grid&type=item&tracking_id=a39c4707-ab27-49de-8496-c661b8de32f9
109,Cokunst Premium Academia Garrafinha De Água Térmica 500ml Dourada,"R$ 48,90",Novo  |  +1000 vendidos,Vendido porDOMEDOME20230630165016,MercadoLíder Gold,"4,7","1,0",3,3,MLB,1,0,0,0,0,"81,3","10,4","3,9","1,6","2,8",inf,https://www.mercadolivre.com.br/cokunst-premium-academia-garrafinha-de-agua-termica-500ml-dourada/p/MLB26880332?searchVariation=MLB26880332#polycard_client=search-nordic&searchVariation=MLB26880332&wid=MLB4149014358&position=36&search_layout=grid&type=product&tracking_id=a39c4707-ab27-49de-8496-c661b8de32f9&sid=search
110,Termo Soprano Cristal 1L preto,"R$ 32,47",Novo  |  +1000 vendidos,Loja oficialJaú Pesca,MercadoLíder Platinum,"4,6","518,0",3,3,MLB,422,32,25,6,33,"81,5","6,2","4,8","1,2","6,4","12,8",https://www.mercadolivre.com.br/termo-soprano-cristal-1l-preto/p/MLB11865004?searchVariation=MLB11865004#polycard_client=search-nordic&searchVariation=MLB11865004&wid=MLB3982971513&position=39&search_layout=grid&type=product&tracking_id=a39c4707-ab27-49de-8496-c661b8de32f9&sid=search
111,Invicta Garrafa Térmica Aço Inox Bule Wave 1 Litro,R$ 125,Novo  |  +5mil vendidos,Loja oficialTubarão Center,MercadoLíder Platinum,"4,6","1,0",3,3,MLB,1,0,0,0,0,"77,9","10,1","5,6","1,6","4,7",inf,https://www.mercadolivre.com.br/invicta-garrafa-termica-aco-inox-bule-wave-1-litro/p/MLB19753918?searchVariation=MLB19753918#polycard_client=search-nordic&searchVariation=MLB19753918&wid=MLB3854120431&position=8&search_layout=grid&type=product&tracking_id=a39c4707-ab27-49de-8496-c661b8de32f9&sid=search
112,Rolha Dupla Ação Termolar Cor Preto,"R$ 21,40",Novo  |  +500 vendidos,Vendido porTÉRMICOS PEQUERRUCHA,MercadoLíder,"4,7","53,0",3,3,MLB,45,5,1,1,1,"84,9","9,4","1,9","1,9","1,9","45,0",https://www.mercadolivre.com.br/rolha-dupla-aco-termolar-cor-preto/p/MLB26071503?searchVariation=MLB26071503#polycard_client=search-nordic&searchVariation=MLB26071503&wid=MLB3955877608&position=28&search_layout=grid&type=product&tracking_id=a39c4707-ab27-49de-8496-c661b8de32f9&sid=search
113,Modus Garrafa Térmica A Vácuo 1000ml Portátil Aço Inoxidável Cor Preto,"R$ 68,72",Novo  |  +500 vendidos,Vendido porF Coleção Selecionada,Avaliação não disponível,"4,8","101,0",3,3,MLB,91,5,1,1,3,"90,1","5,0","1,0","1,0","3,0","30,3",https://www.mercadolivre.com.br/modus-garrafa-termica-a-vacuo-1000ml-portatil-aco-inoxidavel-cor-preto/p/MLB42250146?searchVariation=MLB42250146#polycard_client=search-nordic&searchVariation=MLB42250146&wid=MLB5141531086&position=16&search_layout=grid&type=product&tracking_id=a39c4707-ab27-49de-8496-c661b8de32f9&sid=search
114,Garrafa Térmica 450ml Escolar Infantil Suco Agua Animais Cor Garrafa Térmica 450ml Dinossauro,"R$ 68,80",Novo  |  +1000 vendidos,Vendido porCOMETAUTILIDADES,Avaliação não disponível,"4,7","409,0",3,3,MLB,359,21,13,6,10,"87,8","5,1","3,2","1,5","2,4","35,9",https://www.mercadolivre.com.br/garrafa-termica-450ml-escolar-infantil-suco-agua-animais-cor-garrafa-termica-450ml-dinossauro/p/MLB27871553?searchVariation=MLB27871553#polycard_client=search-nordic&searchVariation=MLB27871553&wid=MLB4864976754&position=14&search_layout=grid&type=product&tracking_id=a39c4707-ab27-49de-8496-c661b8de32f9&sid=search
115,Garrafa Térmica Squeeze Café 500ml Copo Caneca Antivazamento,"R$ 38,90",Novo  |  +500 vendidos,Vendido porPARRA IMPORT,Avaliação não disponível,"4,2","415,0",3,3,MLB,281,32,43,15,44,"67,7","7,7","10,4","3,6","10,6","6,4",https://www.mercadolivre.com.br/garrafa-termica-squeeze-cafe-500ml-copo-caneca-antivazamento/p/MLB23147715?searchVariation=MLB23147715#polycard_client=search-nordic&searchVariation=MLB23147715&wid=MLB3924914721&position=6&search_layout=grid&type=product&tracking_id=a39c4707-ab27-49de-8496-c661b8de32f9&sid=search
116,Vittak Garrafa Bule Térmica Wood Fashion 1000ml Café Chá Cor Preta Mesa Posta Cabo Madeira,"R$ 52,77",Novo  |  +1000 vendidos,Loja oficialEletroFlex,MercadoLíder Platinum,"4,9","10,0",3,3,MLB,9,1,0,0,0,"90,0","10,0","0,0","0,0","0,0",inf,https://www.mercadolivre.com.br/vittak-garrafa-bule-termica-wood-fashion-1000ml-cafe-cha-cor-preta-mesa-posta-cabo-madeira/p/MLB37974651?searchVariation=MLB37974651#polycard_client=search-nordic&searchVariation=MLB37974651&wid=MLB5333065434&position=11&search_layout=grid&type=product&tracking_id=a39c4707-ab27-49de-8496-c661b8de32f9&sid=search
117,"Garrafa Isotrmica De Caminhada Em Inox 0,4 Litros Cor Azul","R$ 163,98",Novo  |  +5 vendidos,Loja oficialDecathlon Oficial,MercadoLíder Platinum,"5,0","4,0",3,3,MLB,4,0,0,0,0,"100,0","0,0","0,0","0,0","0,0",inf,https://www.mercadolivre.com.br/garrafa-isotrmica-de-caminhada-em-inox-04-litros-cor-azul/p/MLB32978227?searchVariation=MLB32978227#polycard_client=search-nordic&searchVariation=MLB32978227&wid=MLB3596261769&position=12&search_layout=grid&type=product&tracking_id=a39c4707-ab27-49de-8496-c661b8de32f9&sid=search
118,Tampa Rosqueada De Pressão Para Garrafa Térmica Termolar,"R$ 44,25",Novo  |  +500 vendidos,Vendido porFARIA MODAS_E_ACESSORIOS,MercadoLíder,"4,9","39,0",3,3,MLB,36,3,0,0,0,"92,3","7,7","0,0","0,0","0,0",inf,https://www.mercadolivre.com.br/tampa-rosqueada-de-presso-para-garrafa-termica-termolar/p/MLB26986737#polycard_client=search-nordic&searchVariation=MLB26986737&wid=MLB3566396481&position=3&search_layout=grid&type=product&tracking_id=a39c4707-ab27-49de-8496-c661b8de32f9&sid=search
119,Garrafa Térmica Massima Rolha Com Ampola Preto 1l - Aladdin,"R$ 68,14",Novo  |  +100 vendidos,Vendido porE-COMPROU,MercadoLíder Gold,"4,6","111,0",3,3,MLB,88,11,8,0,4,"79,3","9,9","7,2","0,0","3,6","22,0",https://www.mercadolivre.com.br/garrafa-termica-massima-rolha-com-ampola-preto-1l-aladdin/p/MLB35808087?searchVariation=MLB35808087#polycard_client=search-nordic&searchVariation=MLB35808087&wid=MLB4994262024&position=9&search_layout=grid&type=product&tracking_id=a39c4707-ab27-49de-8496-c661b8de32f9&sid=search
120,"Garrafa Termica Atacama 2,5 Litros Soprano","R$ 33,91",Novo  |  +1000 vendidos,Loja oficialRiolux,MercadoLíder Platinum,"4,4","107,0",3,3,MLB,80,10,7,3,7,"74,8","9,3","6,5","2,8","6,5","11,4",https://www.mercadolivre.com.br/garrafa-termica-atacama-25-litros-soprano/p/MLB20722890?searchVariation=MLB20722890#polycard_client=search-nordic&searchVariation=MLB20722890&wid=MLB5313923238&position=13&search_layout=grid&type=product&tracking_id=a39c4707-ab27-49de-8496-c661b8de32f9&sid=search
121,Garrafa térmica Termolar Magic Pump 1L preta,"R$ 47,09",Novo  |  +10mil vendidos,Loja oficialIsmafer Ferramentas,MercadoLíder Platinum,"4,7","3,0",3,3,MLB,3,0,0,0,0,"84,5","7,1","2,7","1,2","4,5",inf,https://www.mercadolivre.com.br/garrafa-termica-termolar-magic-pump-1l-preta/p/MLB11571344?searchVariation=MLB11571344#polycard_client=search-nordic&searchVariation=MLB11571344&wid=MLB4318916588&position=17&search_layout=grid&type=product&tracking_id=a39c4707-ab27-49de-8496-c661b8de32f9&sid=search
122,Modus Garrafa Térmica De 304 Aço Inox De Água Manter A Vácuo 750ml Roxo,"R$ 61,61",Novo  |  +1000 vendidos,Vendido porF Coleção Selecionada,Avaliação não disponível,"4,9","236,0",3,3,MLB,218,11,4,1,2,"92,4","4,7","1,7","0,4","0,8","109,0",https://www.mercadolivre.com.br/modus-garrafa-termica-de-304-aco-inox-de-agua-manter-a-vacuo-750ml-roxo/p/MLB42102328?searchVariation=MLB42102328#polycard_client=search-nordic&searchVariation=MLB42102328&wid=MLB3882368663&position=30&search_layout=grid&type=product&tracking_id=a39c4707-ab27-49de-8496-c661b8de32f9&sid=search
123,Garrafa Térmica Fina E Elegante - Artriun Slim 275ml,"R$ 36,97",Novo  |  +100 vendidos,ARTRIUN ARTS,+1000Vendas concluídas,"4,8","47,0",3,3,MLB,42,3,1,1,0,"89,4","6,4","2,1","2,1","0,0",inf,https://produto.mercadolivre.com.br/MLB-3641851925-garrafa-termica-fina-e-elegante-artriun-slim-275ml-_JM?searchVariation=180200605542#polycard_client=search-nordic&searchVariation=180200605542&position=46&search_layout=grid&type=item&tracking_id=a39c4707-ab27-49de-8496-c661b8de32f9
124,Garrafa Térmica 3 Litros Stanlux De Aço Inoxidável,R$ 159,Novo  |  +5 vendidos,ESQUINA DA_TRADIÇÃO,+500Vendas concluídas,"0,0",,3,3,MLB,0,0,0,0,0,"0,0","0,0","0,0","0,0","0,0","0,0",https://produto.mercadolivre.com.br/MLB-4021936565-garrafa-termica-3-litros-stanlux-de-aco-inoxidavel-_JM?searchVariation=183276343958#polycard_client=search-nordic&searchVariation=183276343958&position=47&search_layout=grid&type=item&tracking_id=a39c4707-ab27-49de-8496-c661b8de32f9
125,Garrafa Térmica Garrafa Térmica Com Termômetro 1l Cor Verde- Cor Verde-claro,R$ 41,Novo  |  +500 vendidos,Vendido porTRINDA COMMERCE,MercadoLíder,"4,5","2,0",3,3,MLB,2,0,0,0,0,"76,9","9,2","5,8","2,5","5,6",inf,https://www.mercadolivre.com.br/garrafa-termica-garrafa-termica-com-termmetro-1l-cor-verde-cor-verde-claro/p/MLB27584782?searchVariation=MLB27584782#polycard_client=search-nordic&searchVariation=MLB27584782&wid=MLB3859613531&position=23&search_layout=grid&type=product&tracking_id=a39c4707-ab27-49de-8496-c661b8de32f9&sid=search
126,Garrafa Térmica Gatilho Fácil Para Café Suco 1 L Tokyo Cor Preto,"R$ 74,30",Novo  |  +500 vendidos,Vendido porE-COMPROU,MercadoLíder Gold,"4,8","326,0",3,3,MLB,282,27,10,1,6,"86,5","8,3","3,1","0,3","1,8","47,0",https://www.mercadolivre.com.br/garrafa-termica-gatilho-facil-para-cafe-suco-1-l-tokyo-cor-preto/p/MLB35591754?searchVariation=MLB35591754#polycard_client=search-nordic&searchVariation=MLB35591754&wid=MLB3653913723&position=24&search_layout=grid&type=product&tracking_id=a39c4707-ab27-49de-8496-c661b8de32f9&sid=search
127,Garrafa Térmica 800ml Água Squeeze Inox Academia Com Alça,"R$ 43,97",Novo  |  +1000 vendidos,MATCH MADE,+10milVendas concluídas,"4,6","415,0",3,3,MLB,335,37,12,8,23,"80,7","8,9","2,9","1,9","5,5","14,6",https://produto.mercadolivre.com.br/MLB-3849594933-garrafa-termica-800ml-agua-squeeze-inox-academia-com-alca-_JM?searchVariation=184862589439#polycard_client=search-nordic&searchVariation=184862589439&position=48&search_layout=grid&type=item&tracking_id=a39c4707-ab27-49de-8496-c661b8de32f9
128,Garrafa Que Sede Dotted Macaws 500ml Farm - 78323973,R$ 149,Novo  |  +5 vendidos,Casa das Três Meninas,MercadoLíder Platinum,"0,0",,3,3,MLB,0,0,0,0,0,"0,0","0,0","0,0","0,0","0,0","0,0",https://produto.mercadolivre.com.br/MLB-5336530884-garrafa-que-sede-dotted-macaws-500ml-farm-78323973-_JM?searchVariation=183259130498#polycard_client=search-nordic&searchVariation=183259130498&position=49&search_layout=grid&type=item&tracking_id=a39c4707-ab27-49de-8496-c661b8de32f9
129,Garrafa Térmica Inox 800ml Squeeze Camping Vedação Cor Prata,"R$ 46,87",Novo  |  +1000 vendidos,Loja oficialEletroFlex,MercadoLíder Platinum,"4,5","1,0",3,3,MLB,1,0,0,0,0,"79,1","9,2","4,0","1,9","5,8",inf,https://www.mercadolivre.com.br/garrafa-termica-inox-800ml-squeeze-camping-vedaco-cor-prata/p/MLB26628784?searchVariation=MLB26628784#polycard_client=search-nordic&searchVariation=MLB26628784&wid=MLB5043467410&position=5&search_layout=grid&type=product&tracking_id=a39c4707-ab27-49de-8496-c661b8de32f9&sid=search
130,"Ampola De Vidro Exclusiva Soprano 2,5l C/ Vedação","R$ 114,90",Novo  |  +1000 vendidos,Vendido porTECNOLAR_GM_KASPER,MercadoLíder,"4,7","883,0",3,3,MLB,767,51,18,7,40,"86,9","5,8","2,0","0,8","4,5","19,2",https://www.mercadolivre.com.br/ampola-de-vidro-exclusiva-soprano-25l-c-vedaco/p/MLB24083345?searchVariation=MLB24083345#polycard_client=search-nordic&searchVariation=MLB24083345&wid=MLB3361192913&position=22&search_layout=grid&type=product&tracking_id=a39c4707-ab27-49de-8496-c661b8de32f9&sid=search
131,Garrafa Térmica Gocase Fresh Inox Parede Dupla Isolada 950ml Cor Preto,"R$ 179,99",Novo  |  +1000 vendidos,Loja oficialGocase,MercadoLíder Platinum,"4,8","1,0",3,3,MLB,1,0,0,0,0,"91,1","4,7","1,7","0,8","1,8",inf,https://www.mercadolivre.com.br/garrafa-termica-gocase-fresh-inox-parede-dupla-isolada-950ml-cor-preto/p/MLB28768686?searchVariation=MLB28768686#polycard_client=search-nordic&searchVariation=MLB28768686&wid=MLB5100897580&position=10&search_layout=grid&type=product&tracking_id=a39c4707-ab27-49de-8496-c661b8de32f9&sid=search
132,Garrafa Térmica 500ml Com Medidor De Temperatura Digital Led,"R$ 19,42",Novo  |  +1000 vendidos,Vendido porFORCEFULL,Avaliação não disponível,"4,4","335,0",3,3,MLB,247,35,22,8,23,"73,7","10,4","6,6","2,4","6,9","10,7",https://www.mercadolivre.com.br/garrafa-termica-500ml-com-medidor-de-temperatura-digital-led/p/MLB23148381?searchVariation=MLB23148381#polycard_client=search-nordic&searchVariation=MLB23148381&wid=MLB3992260663&position=7&search_layout=grid&type=product&tracking_id=a39c4707-ab27-49de-8496-c661b8de32f9&sid=search
133,Termo Termolar Magic Pump 1.8L preto,"R$ 60,14",Novo  |  +10mil vendidos,Loja oficialIsmafer Ferramentas,MercadoLíder Platinum,"4,7","3,0",3,3,MLB,3,0,0,0,0,"84,5","7,1","2,7","1,2","4,5",inf,https://www.mercadolivre.com.br/termo-termolar-magic-pump-18l-preto/p/MLB10005805?searchVariation=MLB10005805#polycard_client=search-nordic&searchVariation=MLB10005805&wid=MLB4046845363&position=4&search_layout=grid&type=product&tracking_id=a39c4707-ab27-49de-8496-c661b8de32f9&sid=search
134,"Garrafa Termica Preta 2,5 L Grande Aço Inox Terere","R$ 134,92",Novo  |  +100 vendidos,DISHUB,+1000Vendas concluídas,"4,5","8,0",3,3,MLB,7,0,0,0,1,"87,5","0,0","0,0","0,0","12,5","7,0",https://produto.mercadolivre.com.br/MLB-3987863527-garrafa-termica-preta-25-l-grande-aco-inox-terere-_JM?searchVariation=183007530432#polycard_client=search-nordic&searchVariation=183007530432&position=50&search_layout=grid&type=item&tracking_id=a39c4707-ab27-49de-8496-c661b8de32f9
135,Garrafa térmica Dolce Home com termômetro de plástico 1L branca,"R$ 49,28",Novo  |  +5mil vendidos,Vendido porMAISMAISINPORETE,MercadoLíder Gold,"4,5","2,0",3,3,MLB,2,0,0,0,0,"76,9","9,2","5,8","2,5","5,6",inf,https://www.mercadolivre.com.br/garrafa-termica-dolce-home-com-termmetro-de-plastico-1l-branca/p/MLB23643885?searchVariation=MLB23643885#polycard_client=search-nordic&searchVariation=MLB23643885&wid=MLB4046978865&position=27&search_layout=grid&type=product&tracking_id=a39c4707-ab27-49de-8496-c661b8de32f9&sid=search
136,Caneca Esportiva Isolada De Aço Inoxidável 800ml Com Palha De Pvc Cor Roxo,"R$ 45,98",Novo  |  +100 vendidos,Vendido porMHZ202310,MercadoLíder Platinum,"4,8","219,0",3,3,MLB,196,14,6,3,0,"89,5","6,4","2,7","1,4","0,0",inf,https://www.mercadolivre.com.br/caneca-esportiva-isolada-de-aco-inoxidavel-800ml-com-palha-de-pvc-cor-roxo/p/MLB44953007?searchVariation=MLB44953007#polycard_client=search-nordic&searchVariation=MLB44953007&wid=MLB5232646890&position=38&search_layout=grid&type=product&tracking_id=a39c4707-ab27-49de-8496-c661b8de32f9&sid=search
137,Garrafa Térmica Infantil Funtainer 355ml Reino Da Selva,R$ 163,Novo  |  +50 vendidos,Vendido porBrinkeii,MercadoLíder Gold,"5,0","8,0",3,3,MLB,8,0,0,0,0,"100,0","0,0","0,0","0,0","0,0",inf,https://www.mercadolivre.com.br/garrafa-termica-infantil-funtainer-355ml-reino-da-selva/p/MLB35200031?searchVariation=MLB35200031#polycard_client=search-nordic&searchVariation=MLB35200031&wid=MLB3760041191&position=40&search_layout=grid&type=product&tracking_id=a39c4707-ab27-49de-8496-c661b8de32f9&sid=search
138,"Jarra Térmica 2,5 Litros Chá Café Tereré Fliptop Termolar Cor Preto E Amarelo","R$ 39,90",Novo  |  +1000 vendidos,Loja oficialIsmafer Ferramentas,MercadoLíder Platinum,"4,7","2,0",3,3,MLB,2,0,0,0,0,"84,0","9,0","3,4","1,3","2,2",inf,https://www.mercadolivre.com.br/jarra-termica-25-litros-cha-cafe-terere-fliptop-termolar-cor-preto-e-amarelo/p/MLB42805379?searchVariation=MLB42805379#polycard_client=search-nordic&searchVariation=MLB42805379&wid=MLB5163987752&position=32&search_layout=grid&type=product&tracking_id=a39c4707-ab27-49de-8496-c661b8de32f9&sid=search
139,Garrafa Garrafão Térmica Vermelha 3lts - Invicta,"R$ 35,90",Novo  |  +1000 vendidos,Loja oficialCombat Airsoft,Avaliação não disponível,"4,7","126,0",3,3,MLB,108,7,6,1,4,"85,7","5,6","4,8","0,8","3,2","27,0",https://www.mercadolivre.com.br/garrafa-garrafo-termica-vermelha-3lts-invicta/p/MLB27589409?searchVariation=MLB27589409#polycard_client=search-nordic&searchVariation=MLB27589409&wid=MLB4009822187&position=33&search_layout=grid&type=product&tracking_id=a39c4707-ab27-49de-8496-c661b8de32f9&sid=search
140,Garrafão Térmico Mantém Gelado Quente Cinza Plus 5l Termolar,"R$ 38,44",Novo  |  +10mil vendidos,Vendido porDistribuidora Galante,MercadoLíder Platinum,"4,7","5,0",3,3,MLB,5,0,0,0,0,"82,8","10,0","3,9","1,1","2,2",inf,https://www.mercadolivre.com.br/garrafo-termico-mantem-gelado-quente-cinza-plus-5l-termolar/p/MLB19724101?searchVariation=MLB19724101#polycard_client=search-nordic&searchVariation=MLB19724101&wid=MLB4258255716&position=35&search_layout=grid&type=product&tracking_id=a39c4707-ab27-49de-8496-c661b8de32f9&sid=search
141,Garrafa Termica 1l Com Rattan De Plastico Marrom Tress Lyor,"R$ 67,21",Novo  |  +1000 vendidos,Vendido porPREMIER CASA ESTILO,MercadoLíder Platinum,"4,5","127,0",3,3,MLB,97,14,9,1,6,"76,4","11,0","7,1","0,8","4,7","16,2",https://www.mercadolivre.com.br/garrafa-termica-1l-com-rattan-de-plastico-marrom-tress-lyor/p/MLB19809321?searchVariation=MLB19809321#polycard_client=search-nordic&searchVariation=MLB19809321&wid=MLB4614026920&position=19&search_layout=grid&type=product&tracking_id=a39c4707-ab27-49de-8496-c661b8de32f9&sid=search
142,Garrafa Térmica De Água Café Inox Com Termômetro Digital Smart Cup 500 mL Negro Cores Variadas,"R$ 15,99",Novo  |  +1000 vendidos,Vendido porVASCONCELLOSREPRESENTACOES,Avaliação não disponível,"4,2","551,0",3,3,MLB,371,60,48,19,53,"67,3","10,9","8,7","3,5","9,6","7,0",https://www.mercadolivre.com.br/garrafa-termica-de-agua-cafe-inox-com-termmetro-digital-smart-cup-500-ml-negro-cores-variadas/p/MLB28009635?searchVariation=MLB28009635#polycard_client=search-nordic&searchVariation=MLB28009635&wid=MLB4040916599&position=31&search_layout=grid&type=product&tracking_id=a39c4707-ab27-49de-8496-c661b8de32f9&sid=search
143,Garrafa Térmica Kouda Serrano Preto - 3L,"R$ 360,01",Novo  |  +50 vendidos,Loja oficialKouda,MercadoLíder Gold,"4,7","10,0",3,3,MLB,9,0,0,1,0,"90,0","0,0","0,0","10,0","0,0",inf,https://www.mercadolivre.com.br/garrafa-termica-kouda-serrano-preto-3l/p/MLB41532548?searchVariation=MLB41532548#polycard_client=search-nordic&searchVariation=MLB41532548&wid=MLB3871384325&position=20&search_layout=grid&type=product&tracking_id=a39c4707-ab27-49de-8496-c661b8de32f9&sid=search
144,"Garrafa Térmica Aço Inox 1,2 Litro Água Gelada Garantida",R$ 54,Novo  |  +1000 vendidos,Vendido porCELLPHONE ACESSORIOS,MercadoLíder Gold,"4,8","682,0",3,3,MLB,604,43,10,3,22,"88,6","6,3","1,5","0,4","3,2","27,5",https://www.mercadolivre.com.br/garrafa-termica-aco-inox-12-litro-agua-gelada-garantida/p/MLB28775400?searchVariation=MLB28775400#polycard_client=search-nordic&searchVariation=MLB28775400&wid=MLB3716628523&position=21&search_layout=grid&type=product&tracking_id=a39c4707-ab27-49de-8496-c661b8de32f9&sid=search
145,"Garrafa Termica Florença 0,65ml - Unitermi Cor Rosa","R$ 29,90",Novo  |  +1000 vendidos,Loja oficialVillegas Center,MercadoLíder Platinum,"4,7","1,0",3,3,MLB,1,0,0,0,0,"85,4","6,5","3,2","1,3","3,6",inf,https://www.mercadolivre.com.br/garrafa-termica-florenca-065ml-unitermi-cor-rosa/p/MLB24213435?searchVariation=MLB24213435#polycard_client=search-nordic&searchVariation=MLB24213435&wid=MLB4690332330&position=18&search_layout=grid&type=product&tracking_id=a39c4707-ab27-49de-8496-c661b8de32f9&sid=search
146,"Chacal Garrafa Térmica Chacal 5,5l Conserva Quente E Frio Cor Preto","R$ 195,90",Novo  |  +100 vendidos,Vendido porSOMADO STORE,MercadoLíder,"4,5","122,0",3,3,MLB,90,11,12,4,5,"73,8","9,0","9,8","3,3","4,1","18,0",https://www.mercadolivre.com.br/chacal-garrafa-termica-chacal-55l-conserva-quente-e-frio-cor-preto/p/MLB22665750?searchVariation=MLB22665750#polycard_client=search-nordic&searchVariation=MLB22665750&wid=MLB5303613794&position=25&search_layout=grid&type=product&tracking_id=a39c4707-ab27-49de-8496-c661b8de32f9&sid=search
147,"Ampola De Reposição 1,9 Litros Mor","R$ 49,99",Novo  |  +100 vendidos,Vendido porRISC SHOP,MercadoLíder Gold,"4,6","5,0",3,3,MLB,4,0,1,0,0,"80,0","0,0","20,0","0,0","0,0",inf,https://www.mercadolivre.com.br/ampola-de-reposico-19-litros-mor/p/MLB28113189?searchVariation=MLB28113189#polycard_client=search-nordic&searchVariation=MLB28113189&wid=MLB3920967407&position=42&search_layout=grid&type=product&tracking_id=a39c4707-ab27-49de-8496-c661b8de32f9&sid=search
148,Garrafa Térmica Squeeze Água Inox Academia Escritório 500 Ml Cor Preto,R$ 35,Novo  |  +1000 vendidos,Vendido porALPHA_ÔMEGA,MercadoLíder Platinum,"4,7","156,0",3,3,MLB,129,15,4,1,7,"82,7","9,6","2,6","0,6","4,5","18,4",https://www.mercadolivre.com.br/garrafa-termica-squeeze-agua-inox-academia-escritorio-500-ml-cor-preto/p/MLB21820151?searchVariation=MLB21820151#polycard_client=search-nordic&searchVariation=MLB21820151&wid=MLB4431946730&position=34&search_layout=grid&type=product&tracking_id=a39c4707-ab27-49de-8496-c661b8de32f9&sid=search
149,Garrafa Térmica Em Aço Inox Com Termômetro Digital Led 50,"R$ 19,96",Novo  |  +10mil vendidos,Vendido porFORCEFULL,Avaliação não disponível,"4,4","338,0",3,3,MLB,246,34,27,6,25,"72,8","10,1","8,0","1,8","7,4","9,8",https://www.mercadolivre.com.br/garrafa-termica-em-aco-inox-com-termmetro-digital-led-50/p/MLB22665745?searchVariation=MLB22665745#polycard_client=search-nordic&searchVariation=MLB22665745&wid=MLB5305846652&position=29&search_layout=grid&type=product&tracking_id=a39c4707-ab27-49de-8496-c661b8de32f9&sid=search
150,Garrafa Térmica Vacuum 12h Com Visor Digital E Cabo Madeira,"R$ 42,74",Novo  |  +10mil vendidos,Vendido porMAISCOMPRASRJ_BR,MercadoLíder Platinum,"4,5","2,0",3,3,MLB,2,0,0,0,0,"76,9","9,2","5,8","2,5","5,6",inf,https://www.mercadolivre.com.br/garrafa-termica-vacuum-12h-com-visor-digital-e-cabo-madeira/p/MLB24379541?searchVariation=MLB24379541#polycard_client=search-nordic&searchVariation=MLB24379541&wid=MLB5265214402&position=41&search_layout=grid&type=product&tracking_id=a39c4707-ab27-49de-8496-c661b8de32f9&sid=search
