title,link,price,seller,condition,site_code,pagina,lote,index,preco,condicao,vendedor_nome,vendedor_avaliacao,total_avaliacoes,avaliacao_media,estrelas_5,estrelas_4,estrelas_3,estrelas_2,estrelas_1,porcentagem_5_estrelas,porcentagem_4_estrelas,porcentagem_3_estrelas,porcentagem_2_estrelas,porcentagem_1_estrela,ratio_5_to_1
Garrafa Térmica 1 Litro Com Termômetro Led Para Chás / Café,https://click1.mercadolivre.com.br/mclics/clicks/external/MLB/count?a=XPS46zCbN5diY%2BLhtHymdiTkXzP%2BH%2FWqq6TGyOil9wWj3qbhfoWEgPcrqzA6ZIx77JhJpvaZFaUQCnw6K%2Fd2FLt6Wck6Z7XElW3olaBaQBiDd65itPYOyZDLeGfo1huClx9gTINiX9BEjRR7oBEvmD28AuxJPfNScN%2FSxt2gT586XdNsAx%2FB7%2F7ceK2p32UN5tQlvY0TvBxiM%2FmW0aLPx666olHWqdL4sKaLdtMpARP6Z1H4vAj8e9uohtyfswUUBaSRVD586QrbB%2BPEu7emmlc8U5qY9mZEQ%2BKZs7%2F14n%2BERRW%2BsmPnKFgN4CmKelbRyFBw816V3VNMAmSVNi5EnbYSgLM0hlnyujar48rwTTjUmjA98GFrGlyxcCD%2FqXUW8Kc2iHacuVvhaajrIO3%2FC8MT346DklLAGfCyExRzH%2BEHpDf4xIaZUdjMGyJw2%2BchnRYrvD%2FyQ%2BtH2C%2BFblhC1%2BHOcuGZylz5cJOMF%2BgHobJsISxyN8d%2BFMcUDnVrI%2F0bIRGWs6%2Fpk9JXn7rEdv5hrI9lPCem32KVFr1cS0chQqK2%2FwzmieQ7BhMNBEigvKnyQro78gcj%2B7b2W4ONpkZ1NoU37yxA6a057R8ApmYwbIuWYMP0GC%2B6Rq2w6BuuANfzWo4NNO6pXIZPPsSJXjd2vHDl0f4h6Nke3%2FLSKA%2BQdWjJ3sr3N3MdZMRqnVsljqRy5tVUw8Gkh6mftJg8BTPaCFJJzXq7FBwpbYJKHZAx5fzFnKntuIA37GW2ulP3S4Ewlc4dh%2FsDqhXGSOzNnB9Obo%2B9WLnoNah1BMZG5bTUtTkDcSkEC4NfV1ZI26dNEWZ1gefTX76jiPFyhVOfuXvF941HHdXa29%2FYr3IYt5ZT%2FK8xg%2BLE0H86BNw%3D&searchVariation=184022220277#polycard_client=search-nordic&tracking_id=bfaa6532-b87f-4223-9609-f3411463ae91,"em 12x R$5,20",Vendedor não especificado,Não especificado,MLB,1,1,1,"R$ 53,06",Novo  |  +10mil vendidos,DARU20240421093708,+100milVendas concluídas,5.0,4.5,4,1,0,0,0,75.37,10.54,5.12,2.84,6.12,inf
Garrafa Térmica Genérica 1l Com Termômetro E Led Café/chá,https://click1.mercadolivre.com.br/mclics/clicks/external/MLB/count?a=IaQMVYycr6pB0c0Qkxl%2B6RYQuOiLiYBFytkpGOQ1G4pt9mj7NQWOM0j9Faya5THq9KunheTKgeXNWbgnwL0N5rfUcsm0GDoCdP0irdIzpmzJdEyr6XI7OLaEK0Fm3tZojmCGu9AXzfRj1d5Q6BWlDUMjNEu2hKA7gMh1rrjtxSlqxHLpaPsS%2FMgCwjv%2FnXgx%2FsraBatfUHqXskMP8EyK51RJ3NyiOAkUpJAdCuaE%2Bqou0zEHnK16IsUBnvi27eqDyn8QBj7H94uHPbvBGXGKwTU3etPYpy5nC5DU832rBFjz6ok2ZZ4RJvpAGehA1dwL1%2FOOD5ksT3MTQcQwn3QqkY9r7dZcrnPeFUUqXJsWrdqp%2BMk9Ufds9%2BKAn81KywLRFVQnfhl9ZZTSNYS8pqV%2FFcNhdW1tjYlFto9tXrM2qlWk88grHmcv679geN9Cny1ItUos0CwMxeW8keVJzfUpmLJDNDdPp6tK%2BH7pVxpjgP2%2B4JqlP9H%2B9%2BTkknaIjxRAp16IhKTAEg9Hyrnu3KewWAJgjWr3jUJ3TXLmY8jVBizF5sLMiGYX6o%2FZypVVDC7aPEtv8THtwxEyFgEEZhuLqLnBVzglLvGPR%2FrGEcwzMld09XNM5Rj8%2Fgo101H00bGbfCV9A7mRyh89TfvEaa96%2BHbdnZo5w4aAyKXjm3%2BprZh1f0T2BfWte1jC8fWJee%2Bh68ne0qMa6bYb9E0LL6s7Tn8d9zo7pI%2FnhVh2D3bPvPXpPQ4jcTaPlhcsJLbwSw8wJC%2BgTLbjen9SpIqzSXuH60VtBjHYs8rpJKWQi0Luvu8DhrT6qeut8yp%2BlmtYCC2INM6QY%2F8J3TjCszJE6q7A3L3FP%2F4KHT1hBijb%2FgBEHEuK8Us3vVJ8nXw%3D&searchVariation=187062495333#polycard_client=search-nordic&tracking_id=bfaa6532-b87f-4223-9609-f3411463ae91,"em 12x R$4,79",Vendedor não especificado,Não especificado,MLB,1,1,2,"R$ 48,85",Novo  |  +25 vendidos,CM20250219101741,+100Vendas concluídas,,0.0,0,0,0,0,0,0.0,0.0,0.0,0.0,0.0,0.0
Garrafa Térmica Signos 500ml Signo De Aries,https://produto.mercadolivre.com.br/MLB-5370242846-garrafa-termica-signos-500ml-signo-de-aries-_JM?searchVariation=187754236569#polycard_client=search-nordic&searchVariation=187754236569&position=33&search_layout=grid&type=item&tracking_id=bfaa6532-b87f-4223-9609-f3411463ae91,"em 12x R$16,66",Vendedor não especificado,Não especificado,MLB,1,1,3,"R$ 169,90",Novo  |  1 vendido,UNIVERSOMANA,1Vendas concluídas,,0.0,0,0,0,0,0,0.0,0.0,0.0,0.0,0.0,0.0
Garrafinha Térmica Squeeze 800ml Quente Frio Com Isolamento,https://produto.mercadolivre.com.br/MLB-4025922645-garrafinha-termica-squeeze-800ml-quente-frio-com-isolamento-_JM?searchVariation=187460348197#polycard_client=search-nordic&searchVariation=187460348197&position=34&search_layout=grid&type=item&tracking_id=bfaa6532-b87f-4223-9609-f3411463ae91,"em 12x R$6,85",Vendedor não especificado,Não especificado,MLB,1,1,4,"R$ 69,90",Novo,AZARTE,MercadoLíder Platinum,,0.0,0,0,0,0,0,0.0,0.0,0.0,0.0,0.0,0.0
Garrafa Térmica Pacco Hydra V2 650ml - Personalização Grátis,https://produto.mercadolivre.com.br/MLB-5358285704-garrafa-termica-pacco-hydra-v2-650ml-personalizaco-gratis-_JM?searchVariation=187578896237#polycard_client=search-nordic&searchVariation=187578896237&position=35&search_layout=grid&type=item&tracking_id=bfaa6532-b87f-4223-9609-f3411463ae91,"em 6x R$44,10 sem juros",Vendedor não especificado,Não especificado,MLB,1,1,5,"R$ 264,60",Novo  |  +5 vendidos,SAUDEMOVIMENTO,+1000Vendas concluídas,,0.0,0,0,0,0,0,0.0,0.0,0.0,0.0,0.0,0.0
Garrafa Térmica 1 Litro Com Termômetro Led Para Chás / Café,https://produto.mercadolivre.com.br/MLB-4967167410-garrafa-termica-1-litro-com-termmetro-led-para-chas-cafe-_JM?searchVariation=184022220277#polycard_client=search-nordic&searchVariation=184022220277&position=36&search_layout=grid&type=item&tracking_id=bfaa6532-b87f-4223-9609-f3411463ae91,"em 12x R$5,20",Vendedor não especificado,Não especificado,MLB,1,1,6,"R$ 53,06",Novo  |  +10mil vendidos,DARU20240421093708,+100milVendas concluídas,5.0,4.5,4,1,0,0,0,75.37,10.54,5.12,2.84,6.12,inf
Botijão Galão Térmico 12 Litros Garrafão C/ Torneira Pé Alça Cor Azul,https://www.mercadolivre.com.br/botijo-galo-termico-12-litros-garrafo-c-torneira-pe-alca-cor-azul/p/MLB22804328?searchVariation=MLB22804328#polycard_client=search-nordic&searchVariation=MLB22804328&wid=MLB5289051526&position=4&search_layout=grid&type=product&tracking_id=bfaa6532-b87f-4223-9609-f3411463ae91&sid=search,"em 6x R$38,17 sem juros",Vendedor não especificado,Não especificado,MLB,1,1,7,R$ 229,Novo  |  +1000 vendidos,Loja oficialRei Dos Térmicos,MercadoLíder Platinum,317.0,4.7,269,24,10,5,9,84.86,7.57,3.15,1.58,2.84,29.88888888888889
Garrafa Térmica Genérica 1l Com Termômetro E Led Café/chá,https://produto.mercadolivre.com.br/MLB-3988369437-garrafa-termica-generica-1l-com-termmetro-e-led-cafecha-_JM?searchVariation=187062495333#polycard_client=search-nordic&searchVariation=187062495333&position=37&search_layout=grid&type=item&tracking_id=bfaa6532-b87f-4223-9609-f3411463ae91,"em 12x R$4,79",Vendedor não especificado,Não especificado,MLB,1,1,8,"R$ 48,85",Novo  |  +25 vendidos,CM20250219101741,+100Vendas concluídas,,0.0,0,0,0,0,0,0.0,0.0,0.0,0.0,0.0,0.0
"Garrafa térmica de pressão 1,8 litro Inox Lúmina Termolar",https://www.mercadolivre.com.br/garrafa-termica-de-presso-18-litro-inox-lumina-termolar/p/MLB9989930#polycard_client=search-nordic&searchVariation=MLB9989930&wid=MLB4289839406&position=5&search_layout=grid&type=product&tracking_id=bfaa6532-b87f-4223-9609-f3411463ae91&sid=search,"em 12x R$10,70",Vendedor não especificado,Não especificado,MLB,1,1,9,"R$ 109,10",Novo  |  +50mil vendidos,Vendido porDistribuidora Galante,MercadoLíder Platinum,5.0,4.6,5,0,0,0,0,82.07,6.74,3.08,1.66,6.44,inf
Garrafa Térmica Squeeze Inox 800ml Com Alça Água Academia,https://produto.mercadolivre.com.br/MLB-5351405250-garrafa-termica-squeeze-inox-800ml-com-alca-agua-academia-_JM?searchVariation=187545793425#polycard_client=search-nordic&searchVariation=187545793425&position=38&search_layout=grid&type=item&tracking_id=bfaa6532-b87f-4223-9609-f3411463ae91,Preço não encontrado,Vendedor não especificado,Não especificado,MLB,1,1,10,"R$ 51,72",Novo  |  +25 vendidos,Amarante Store,+10milVendas concluídas,,0.0,0,0,0,0,0,0.0,0.0,0.0,0.0,0.0,0.0
1200ml Garrafa Térmica Bebidas Quentes E Frias Cor Preto,https://www.mercadolivre.com.br/1200ml-garrafa-termica-bebidas-quentes-e-frias-cor-preto/p/MLB37798840?searchVariation=MLB37798840#polycard_client=search-nordic&searchVariation=MLB37798840&wid=MLB4014089033&position=6&search_layout=grid&type=product&tracking_id=bfaa6532-b87f-4223-9609-f3411463ae91&sid=search,"em 2x R$31,50 sem juros",Vendedor não especificado,Não especificado,MLB,1,1,11,"R$ 62,99",Novo  |  +5mil vendidos,Vendido porMHZ202310,MercadoLíder Platinum,961.0,4.8,864,52,13,7,25,89.91,5.41,1.35,0.73,2.6,34.56
"Bestbestowala Garrafa De Água Esportiva Dupla Para Bebida, C",https://produto.mercadolivre.com.br/MLB-4037701139-bestbestowala-garrafa-de-agua-esportiva-dupla-para-bebida-c-_JM?searchVariation=187584383865#polycard_client=search-nordic&searchVariation=187584383865&position=39&search_layout=grid&type=item&tracking_id=bfaa6532-b87f-4223-9609-f3411463ae91,"em 12x R$5,32",Vendedor não especificado,Não especificado,MLB,1,1,12,"R$ 53,22",Novo  |  1 vendido,CNCHIQUITO-BRR,+10milVendas concluídas,,0.0,0,0,0,0,0,0.0,0.0,0.0,0.0,0.0,0.0
Garrafa Térmica Presente Dia Das Mães C/bico E Trava Rosa,https://produto.mercadolivre.com.br/MLB-5340563234-garrafa-termica-presente-dia-das-mes-cbico-e-trava-rosa-_JM?searchVariation=187420625275#polycard_client=search-nordic&searchVariation=187420625275&position=40&search_layout=grid&type=item&tracking_id=bfaa6532-b87f-4223-9609-f3411463ae91,Preço não encontrado,Vendedor não especificado,Não especificado,MLB,1,1,13,"R$ 49,11",Novo  |  +5 vendidos,MANUKS FERRAMENTAS,+10milVendas concluídas,,0.0,0,0,0,0,0,0.0,0.0,0.0,0.0,0.0,0.0
Garrafa Térmica Pacco Hydra V2 950ml - Personalização Grátis,https://produto.mercadolivre.com.br/MLB-4036990133-garrafa-termica-pacco-hydra-v2-950ml-personalizaco-gratis-_JM?searchVariation=187579146987#polycard_client=search-nordic&searchVariation=187579146987&position=41&search_layout=grid&type=item&tracking_id=bfaa6532-b87f-4223-9609-f3411463ae91,em 6x R$49 sem juros,Vendedor não especificado,Não especificado,MLB,1,1,14,R$ 294,Novo  |  +5 vendidos,SAUDEMOVIMENTO,+1000Vendas concluídas,,0.0,0,0,0,0,0,0.0,0.0,0.0,0.0,0.0,0.0
Garrafa Térmica Café Chá 1litro Invicta Metalizada C Alça Cor Prata,https://www.mercadolivre.com.br/garrafa-termica-cafe-cha-1litro-invicta-metalizada-c-alca-cor-prata/p/MLB23492741?searchVariation=MLB23492741#polycard_client=search-nordic&searchVariation=MLB23492741&wid=MLB3871683549&position=7&search_layout=grid&type=product&tracking_id=bfaa6532-b87f-4223-9609-f3411463ae91&sid=search,"em 12x R$7,72",Vendedor não especificado,Não especificado,MLB,1,1,15,"R$ 78,72",Novo  |  +5mil vendidos,Vendido porMaru Utilidades e Brinquedos,MercadoLíder Gold,614.0,4.4,471,51,33,15,44,76.71,8.31,5.37,2.44,7.17,10.704545454545455
O Copo Isolante de Aço Inoxidável 304 com Grande Capacidade de 1200 Ml Pode ser Mantido Quente e Frio Genérica 100101,https://www.mercadolivre.com.br/o-copo-isolante-de-aco-inoxidavel-304-com-grande-capacidade-de-1200-ml-pode-ser-mantido-quente-e-frio-generica-100101/p/MLB36628530?searchVariation=MLB36628530#polycard_client=search-nordic&searchVariation=MLB36628530&wid=MLB4035965071&position=8&search_layout=grid&type=product&tracking_id=bfaa6532-b87f-4223-9609-f3411463ae91&sid=search,"em 12x R$5,83",Vendedor não especificado,Não especificado,MLB,1,1,16,"R$ 59,49",Novo  |  +5mil vendidos,Vendido porWDW202406,MercadoLíder Platinum,601.0,4.8,540,35,6,5,15,89.85,5.82,1.0,0.83,2.5,36.0
Garrafa Térmica De Aço Inox 1 Litro Água Gelada 24 Horas Quente 12 Horas Bebida Fria Quente,https://www.mercadolivre.com.br/garrafa-termica-de-aco-inox-1-litro-agua-gelada-24-horas-quente-12-horas-bebida-fria-quente/p/MLB36626766?searchVariation=MLB36626766#polycard_client=search-nordic&searchVariation=MLB36626766&wid=MLB4029449051&position=9&search_layout=grid&type=product&tracking_id=bfaa6532-b87f-4223-9609-f3411463ae91&sid=search,"em 12x R$4,53",Vendedor não especificado,Não especificado,MLB,1,1,17,"R$ 46,20",Novo  |  +5mil vendidos,Loja oficialPark Ecom,MercadoLíder Platinum,1.0,4.7,1,0,0,0,0,86.74,5.38,2.31,1.25,4.32,inf
Garrafa Térmica Pacco Vyta 1200ml- Personalização Grátis,https://produto.mercadolivre.com.br/MLB-4036993439-garrafa-termica-pacco-vyta-1200ml-personalizaco-gratis-_JM?searchVariation=187579472857#polycard_client=search-nordic&searchVariation=187579472857&position=42&search_layout=grid&type=item&tracking_id=bfaa6532-b87f-4223-9609-f3411463ae91,"em 7x R$50,74 sem juros",Vendedor não especificado,Não especificado,MLB,1,1,18,"R$ 355,20",Novo  |  +5 vendidos,SAUDEMOVIMENTO,+1000Vendas concluídas,,0.0,0,0,0,0,0,0.0,0.0,0.0,0.0,0.0,0.0
Garrafa Com Bico Térmica Infantil Escolar Dinossauro Rainbow,https://produto.mercadolivre.com.br/MLB-5337580342-garrafa-com-bico-termica-infantil-escolar-dinossauro-rainbow-_JM?searchVariation=187399022065#polycard_client=search-nordic&searchVariation=187399022065&position=43&search_layout=grid&type=item&tracking_id=bfaa6532-b87f-4223-9609-f3411463ae91,"em 12x R$3,90",Vendedor não especificado,Não especificado,MLB,1,1,19,"R$ 39,80",Novo  |  1 vendido,LOJAS.BRASILEIRAS,+5milVendas concluídas,,0.0,0,0,0,0,0,0.0,0.0,0.0,0.0,0.0,0.0
Garrafa Térmica Inox 800ml Personalizada Nome Logo Time,https://produto.mercadolivre.com.br/MLB-4037109833-garrafa-termica-inox-800ml-personalizada-nome-logo-time-_JM?searchVariation=183397727908#polycard_client=search-nordic&searchVariation=183397727908&position=44&search_layout=grid&type=item&tracking_id=bfaa6532-b87f-4223-9609-f3411463ae91,"em 12x R$5,87",Vendedor não especificado,Não especificado,MLB,1,1,20,"R$ 59,90",Novo  |  2 vendidos,PER DISTRIBUIDOR,+50milVendas concluídas,,0.0,0,0,0,0,0,0.0,0.0,0.0,0.0,0.0,0.0
"Growler Térmico Preto 1,9 Litros Coleman",https://www.mercadolivre.com.br/growler-termico-preto-19-litros-coleman/p/MLB19724358?searchVariation=MLB19724358#polycard_client=search-nordic&searchVariation=MLB19724358&wid=MLB4030655823&position=10&search_layout=grid&type=product&tracking_id=bfaa6532-b87f-4223-9609-f3411463ae91&sid=search,"em 12x R$24,47",Vendedor não especificado,Não especificado,MLB,1,1,21,"R$ 250,20",Novo  |  +5mil vendidos,Vendido porGOLDBIJUXSHOP,Avaliação não disponível,1.0,4.8,1,0,0,0,0,89.22,4.58,2.09,1.01,3.1,inf
Garrafa Térmica 1200ml Bebidas Quentes E Frias Portátil Lsolamento De Aço Inoxidável 304 Térmico Antiderrapante Cor Preto,https://www.mercadolivre.com.br/garrafa-termica-1200ml-bebidas-quentes-e-frias-portatil-lsolamento-de-aco-inoxidavel-304-termico-antiderrapante-cor-preto/p/MLB48407715?searchVariation=MLB48407715#polycard_client=search-nordic&searchVariation=MLB48407715&wid=MLB4033343925&position=11&search_layout=grid&type=product&tracking_id=bfaa6532-b87f-4223-9609-f3411463ae91&sid=search,"em 12x R$5,81",Vendedor não especificado,Não especificado,MLB,1,1,22,"R$ 59,24",Novo  |  +1000 vendidos,Vendido porLQM202310,MercadoLíder Platinum,138.0,4.8,124,8,0,2,4,89.86,5.8,0.0,1.45,2.9,31.0
Garrafa Térmica Quick Flip Stanley Hammertone Green 710ml,https://www.mercadolivre.com.br/garrafa-termica-quick-flip-stanley-hammertone-green-710ml/p/MLB47164288?searchVariation=MLB47164288#polycard_client=search-nordic&searchVariation=MLB47164288&wid=MLB4022493325&position=12&search_layout=grid&type=product&tracking_id=bfaa6532-b87f-4223-9609-f3411463ae91&sid=search,"em 12x R$21,47",Vendedor não especificado,Não especificado,MLB,1,1,23,R$ 219,Novo  |  +100 vendidos,Vendido porBRAVIUM,MercadoLíder Platinum,2.0,4.9,2,0,0,0,0,93.35,3.61,1.31,0.62,1.11,inf
Garrafa Térmica Parede Dupla 500ml Antivazamento Aço Inox Com Kit 3 Xícara Café Agua Suco Bebidas Quentes E Frias Cor Preto Marca Ecomixshop,https://www.mercadolivre.com.br/garrafa-termica-parede-dupla-500ml-antivazamento-aco-inox-com-kit-3-xicara-cafe-agua-suco-bebidas-quentes-e-frias-cor-preto-marca-ecomixshop/p/MLB47041307?searchVariation=MLB47041307#polycard_client=search-nordic&searchVariation=MLB47041307&wid=MLB5198675540&position=13&search_layout=grid&type=product&tracking_id=bfaa6532-b87f-4223-9609-f3411463ae91&sid=search,"em 12x R$3,66",Vendedor não especificado,Não especificado,MLB,1,1,24,"R$ 37,31",Novo  |  +1000 vendidos,Vendido porCASASONHO,MercadoLíder Platinum,104.0,4.5,79,13,3,1,8,75.96,12.5,2.88,0.96,7.69,9.875
Garrafa Térmica Bule Acolher 100% Inox 1l Sanremo Café,https://www.mercadolivre.com.br/garrafa-termica-bule-acolher-100-inox-1l-sanremo-cafe/p/MLB22498776?searchVariation=MLB22498776#polycard_client=search-nordic&searchVariation=MLB22498776&wid=MLB5305947330&position=14&search_layout=grid&type=product&tracking_id=bfaa6532-b87f-4223-9609-f3411463ae91&sid=search,"em 12x R$7,74",Vendedor não especificado,Não especificado,MLB,1,1,25,"R$ 78,99",Novo  |  +5mil vendidos,Loja oficialEstrela do Lar,MercadoLíder Platinum,925.0,4.5,737,77,42,15,54,79.68,8.32,4.54,1.62,5.84,13.648148148148149
"Garrafa Térmica Inox Resistente 1,4l Chimarrão Cha Cor Azul",https://produto.mercadolivre.com.br/MLB-3918800423-garrafa-termica-inox-resistente-14l-chimarro-cha-cor-azul-_JM?searchVariation=182341006378#polycard_client=search-nordic&searchVariation=182341006378&position=45&search_layout=grid&type=item&tracking_id=bfaa6532-b87f-4223-9609-f3411463ae91,"em 12x R$12,31",Vendedor não especificado,Não especificado,MLB,1,1,26,"R$ 125,55",Novo  |  +25 vendidos,PHG_DISTRIBUIDORA,+100Vendas concluídas,4.0,4.8,3,1,0,0,0,75.0,25.0,0.0,0.0,0.0,inf
Garrafão Térmico 5 Litros Mantém Gelado Quente Preto E Amarelo Trilha Camping Supertermo Termolar,https://www.mercadolivre.com.br/garrafo-termico-5-litros-mantem-gelado-quente-preto-e-amarelo-trilha-camping-supertermo-termolar/p/MLB42805282?searchVariation=MLB42805282#polycard_client=search-nordic&searchVariation=MLB42805282&wid=MLB5369214172&position=15&search_layout=grid&type=product&tracking_id=bfaa6532-b87f-4223-9609-f3411463ae91&sid=search,"em 12x R$3,22",Vendedor não especificado,Não especificado,MLB,1,1,27,"R$ 32,89",Novo  |  +10mil vendidos,Vendido porBAZAREBRINQUEDOS,Avaliação não disponível,5.0,4.7,5,0,0,0,0,82.83,9.98,3.91,1.1,2.17,inf
Vittak Garrafa Térmica Café 1 Litro Nórdica Cabo Madeira Mesa Posta Cor Branca,https://www.mercadolivre.com.br/vittak-garrafa-termica-cafe-1-litro-nordica-cabo-madeira-mesa-posta-cor-branca/p/MLB37448089?searchVariation=MLB37448089#polycard_client=search-nordic&searchVariation=MLB37448089&wid=MLB3888935387&position=16&search_layout=grid&type=product&tracking_id=bfaa6532-b87f-4223-9609-f3411463ae91&sid=search,"em 12x R$4,76",Vendedor não especificado,Não especificado,MLB,1,1,28,"R$ 48,61",Novo  |  +1000 vendidos,Loja oficialEletroFlex,MercadoLíder Platinum,610.0,4.6,494,44,28,13,31,80.98,7.21,4.59,2.13,5.08,15.935483870967742
Garrafa Térmica Café 1 Litro Luxo Vintage Retro,https://produto.mercadolivre.com.br/MLB-5350825194-garrafa-termica-cafe-1-litro-luxo-vintage-retro-_JM?searchVariation=183355566502#polycard_client=search-nordic&searchVariation=183355566502&position=46&search_layout=grid&type=item&tracking_id=bfaa6532-b87f-4223-9609-f3411463ae91,"em 12x R$7,35",Vendedor não especificado,Não especificado,MLB,1,1,29,"R$ 74,95",Novo  |  +5 vendidos,EDSHOPCOMERCIOLTDA,+100Vendas concluídas,,0.0,0,0,0,0,0,0.0,0.0,0.0,0.0,0.0,0.0
Garrafa Térmica Stanley Flip Straw Hidratação 887ml Azul,https://www.mercadolivre.com.br/garrafa-termica-stanley-flip-straw-hidrataco-887ml-azul/p/MLB46399710?searchVariation=MLB46399710#polycard_client=search-nordic&searchVariation=MLB46399710&wid=MLB5351060170&position=17&search_layout=grid&type=product&tracking_id=bfaa6532-b87f-4223-9609-f3411463ae91&sid=search,"em 12x R$27,28",Vendedor não especificado,Não especificado,MLB,1,1,30,R$ 279,Novo  |  +25 vendidos,Loja oficialMercado Livre,MercadoLíder Platinum,,0.0,0,0,0,0,0,0.0,0.0,0.0,0.0,0.0,0.0
1200ml Garrafa Térmica Bebidas Quentes E Frias Garrafas de água para desporto e fitness Cor Verde-musgo,https://www.mercadolivre.com.br/1200ml-garrafa-termica-bebidas-quentes-e-frias-garrafas-de-agua-para-desporto-e-fitness-cor-verde-musgo/p/MLB37475752?searchVariation=MLB37475752#polycard_client=search-nordic&searchVariation=MLB37475752&wid=MLB4024389711&position=18&search_layout=grid&type=product&tracking_id=bfaa6532-b87f-4223-9609-f3411463ae91&sid=search,"em 12x R$5,81",Vendedor não especificado,Não especificado,MLB,1,1,31,"R$ 59,28",Novo  |  +1000 vendidos,Vendido porHJE202406,MercadoLíder Platinum,961.0,4.8,864,52,13,7,25,89.91,5.41,1.35,0.73,2.6,34.56
Garrafa Térmica Classic Stanley - 950 Ml Cor Hammertone Gree Cor Hammertone green,https://www.mercadolivre.com.br/garrafa-termica-classic-stanley-950-ml-cor-hammertone-gree-cor-hammertone-green/p/MLB36006952?searchVariation=MLB36006952#polycard_client=search-nordic&searchVariation=MLB36006952&wid=MLB5342881916&position=19&search_layout=grid&type=product&tracking_id=bfaa6532-b87f-4223-9609-f3411463ae91&sid=search,"em 12x R$19,60",Vendedor não especificado,Não especificado,MLB,1,1,32,"R$ 199,90",Novo  |  +1000 vendidos,Vendido porBRAVIUM,MercadoLíder Platinum,244.0,4.7,217,9,6,2,10,88.93,3.69,2.46,0.82,4.1,21.7
Tubo De Sucção Garrafa Térmica Chacal Reposição,https://produto.mercadolivre.com.br/MLB-5347139250-tubo-de-succo-garrafa-termica-chacal-reposico-_JM?searchVariation=187492400023#polycard_client=search-nordic&searchVariation=187492400023&position=47&search_layout=grid&type=item&tracking_id=bfaa6532-b87f-4223-9609-f3411463ae91,"em 12x R$3,91",Vendedor não especificado,Não especificado,MLB,1,1,33,"R$ 39,92",Novo  |  +5 vendidos,BR GROW,+1000Vendas concluídas,,0.0,0,0,0,0,0,0.0,0.0,0.0,0.0,0.0,0.0
Garrafa Térmica De 1 Litro Quick Press Samba Emsa Preta Cor Preto,https://www.mercadolivre.com.br/garrafa-termica-de-1-litro-quick-press-samba-emsa-preta-cor-preto/p/MLB20359461?searchVariation=MLB20359461#polycard_client=search-nordic&searchVariation=MLB20359461&wid=MLB3057908692&position=20&search_layout=grid&type=product&tracking_id=bfaa6532-b87f-4223-9609-f3411463ae91&sid=search,"em 12x R$24,67",Vendedor não especificado,Não especificado,MLB,1,1,34,"R$ 252,30",Novo  |  +100 vendidos,Loja oficialMagazine Rufino,MercadoLíder Platinum,40.0,4.9,39,0,0,0,1,97.5,0.0,0.0,0.0,2.5,39.0
Garrafa Térmica Em Aço Inox Com Termômetro Digital 500 Ml Cor Preto,https://www.mercadolivre.com.br/garrafa-termica-em-aco-inox-com-termmetro-digital-500-ml-cor-preto/p/MLB22357595?searchVariation=MLB22357595#polycard_client=search-nordic&searchVariation=MLB22357595&wid=MLB3793580333&position=21&search_layout=grid&type=product&tracking_id=bfaa6532-b87f-4223-9609-f3411463ae91&sid=search,Preço não encontrado,Vendedor não especificado,Não especificado,MLB,1,1,35,"R$ 23,48",Novo  |  +1000 vendidos,Vendido porDXL COMERCIAL,MercadoLíder,109.0,4.7,89,11,5,2,2,81.65,10.09,4.59,1.83,1.83,44.5
Botijão Térmico Com Torneira 10l Arezzo - 7.1.170 Unitermi Cor Vermelho,https://www.mercadolivre.com.br/botijo-termico-com-torneira-10l-arezzo-71170-unitermi-cor-vermelho/p/MLB19764955?searchVariation=MLB19764955#polycard_client=search-nordic&searchVariation=MLB19764955&wid=MLB3885011739&position=22&search_layout=grid&type=product&tracking_id=bfaa6532-b87f-4223-9609-f3411463ae91&sid=search,"em 12x R$13,02",Vendedor não especificado,Não especificado,MLB,1,1,36,"R$ 132,79",Novo  |  +1000 vendidos,Vendido porAQTEMTUDO,MercadoLíder Platinum,1.0,4.7,1,0,0,0,0,85.68,8.49,2.25,1.08,2.5,inf
Garrafão Térmico Grande Garrafa Botijão 3 Litros Quente Frio,https://produto.mercadolivre.com.br/MLB-4027317521-garrafo-termico-grande-garrafa-botijo-3-litros-quente-frio-_JM?searchVariation=187479334715#polycard_client=search-nordic&searchVariation=187479334715&position=48&search_layout=grid&type=item&tracking_id=bfaa6532-b87f-4223-9609-f3411463ae91,"em 12x R$2,86",Vendedor não especificado,Não especificado,MLB,1,1,37,"R$ 29,20",Novo  |  +5 vendidos,TERTEM,+5milVendas concluídas,,0.0,0,0,0,0,0,0.0,0.0,0.0,0.0,0.0,0.0
"Garrafa Termica Conserva Quente Frio Fitness Academia 1,2l Cor Verde",https://www.mercadolivre.com.br/garrafa-termica-conserva-quente-frio-fitness-academia-12l-cor-verde/p/MLB28995092?searchVariation=MLB28995092#polycard_client=search-nordic&searchVariation=MLB28995092&wid=MLB3716641899&position=23&search_layout=grid&type=product&tracking_id=bfaa6532-b87f-4223-9609-f3411463ae91&sid=search,"em 12x R$5,28",Vendedor não especificado,Não especificado,MLB,1,1,38,"R$ 53,90",Novo  |  +1000 vendidos,Vendido porCELLPHONE ACESSORIOS,MercadoLíder Gold,682.0,4.8,604,43,10,3,22,88.56,6.3,1.47,0.44,3.23,27.454545454545453
"Garrafa Térmica Vidro Lúmina 1,8l Para Café Ou Chá Termolar Cor Cinza",https://www.mercadolivre.com.br/garrafa-termica-vidro-lumina-18l-para-cafe-ou-cha-termolar-cor-cinza/p/MLB25205455?searchVariation=MLB25205455#polycard_client=search-nordic&searchVariation=MLB25205455&wid=MLB4036806675&position=24&search_layout=grid&type=product&tracking_id=bfaa6532-b87f-4223-9609-f3411463ae91&sid=search,"em 12x R$10,67",Vendedor não especificado,Não especificado,MLB,1,1,39,"R$ 108,81",Novo  |  +1000 vendidos,Vendido porDistribuidora Galante,MercadoLíder Platinum,5.0,4.6,5,0,0,0,0,82.07,6.74,3.08,1.66,6.44,inf
Garrafa Térmica 1200ml Bebidas Quentes E Frias Adequado para utilização diária em casa Cor Cinza-escuro,https://www.mercadolivre.com.br/garrafa-termica-1200ml-bebidas-quentes-e-frias-adequado-para-utilizaco-diaria-em-casa-cor-cinza-escuro/p/MLB37800829?searchVariation=MLB37800829#polycard_client=search-nordic&searchVariation=MLB37800829&wid=MLB4024338535&position=25&search_layout=grid&type=product&tracking_id=bfaa6532-b87f-4223-9609-f3411463ae91&sid=search,"em 12x R$5,88",Vendedor não especificado,Não especificado,MLB,1,1,40,"R$ 59,99",Novo  |  +1000 vendidos,Vendido porHJE202406,MercadoLíder Platinum,961.0,4.8,864,52,13,7,25,89.91,5.41,1.35,0.73,2.6,34.56
Garrafa De Mesa Termica Lumina Termolar 500ml Inox,https://www.mercadolivre.com.br/garrafa-de-mesa-termica-lumina-termolar-500ml-inox/p/MLB20536321?searchVariation=MLB20536321#polycard_client=search-nordic&searchVariation=MLB20536321&wid=MLB4623258106&position=26&search_layout=grid&type=product&tracking_id=bfaa6532-b87f-4223-9609-f3411463ae91&sid=search,"em 12x R$7,44",Vendedor não especificado,Não especificado,MLB,1,1,41,"R$ 75,90",Novo  |  +5mil vendidos,Vendido porDistribuidora Galante,MercadoLíder Platinum,5.0,4.6,5,0,0,0,0,82.07,6.74,3.08,1.66,6.44,inf
Termo Soprano Exclusiva 1L preto y inoxidável,https://www.mercadolivre.com.br/termo-soprano-exclusiva-1l-preto-y-inoxidavel/p/MLB10249092?searchVariation=MLB10249092#polycard_client=search-nordic&searchVariation=MLB10249092&wid=MLB3943351223&position=27&search_layout=grid&type=product&tracking_id=bfaa6532-b87f-4223-9609-f3411463ae91&sid=search,em 5x R$33 sem juros,Vendedor não especificado,Não especificado,MLB,1,1,42,R$ 165,Novo  |  +1000 vendidos,Loja oficialJaú Pesca,MercadoLíder Platinum,882.0,4.7,766,51,18,7,40,86.85,5.78,2.04,0.79,4.54,19.15
Garrafa Térmica Inox Termômetro Visor Led Tampa Vácuo 500ml Cor Preto,https://www.mercadolivre.com.br/garrafa-termica-inox-termmetro-visor-led-tampa-vacuo-500ml-cor-preto/p/MLB21472812?searchVariation=MLB21472812#polycard_client=search-nordic&searchVariation=MLB21472812&wid=MLB3992299903&position=28&search_layout=grid&type=product&tracking_id=bfaa6532-b87f-4223-9609-f3411463ae91&sid=search,Preço não encontrado,Vendedor não especificado,Não especificado,MLB,1,1,43,"R$ 17,11",Novo  |  +5mil vendidos,Vendido porFORCEFULL,Avaliação não disponível,351.0,4.5,258,50,14,10,19,73.5,14.25,3.99,2.85,5.41,13.578947368421053
Garrafa Térmica Esportiva - 800ml,https://produto.mercadolivre.com.br/MLB-5344417974-garrafa-termica-esportiva-800ml-_JM?searchVariation=183311465860#polycard_client=search-nordic&searchVariation=183311465860&position=49&search_layout=grid&type=item&tracking_id=bfaa6532-b87f-4223-9609-f3411463ae91,Preço não encontrado,Vendedor não especificado,Não especificado,MLB,1,1,44,R$ 50,Novo  |  1 vendido,GUNDIMCAROL,3Vendas concluídas,,0.0,0,0,0,0,0,0.0,0.0,0.0,0.0,0.0,0.0
12 Garrafa Térmica Xícara Personalizada Empresa Nome Logo,https://produto.mercadolivre.com.br/MLB-5368262802-12-garrafa-termica-xicara-personalizada-empresa-nome-logo-_JM?searchVariation=183479259770#polycard_client=search-nordic&searchVariation=183479259770&position=50&search_layout=grid&type=item&tracking_id=bfaa6532-b87f-4223-9609-f3411463ae91,"em 12x R$45,17",Vendedor não especificado,Não especificado,MLB,1,1,45,"R$ 467,88",Novo  |  2 vendidos,Coconut Ice,+10milVendas concluídas,,0.0,0,0,0,0,0,0.0,0.0,0.0,0.0,0.0,0.0
Garrafa Térmica Termolar Magic Pump 1 Litro,https://www.mercadolivre.com.br/garrafa-termica-termolar-magic-pump-1-litro/p/MLB26587016?searchVariation=MLB26587016#polycard_client=search-nordic&searchVariation=MLB26587016&wid=MLB3937706834&position=29&search_layout=grid&type=product&tracking_id=bfaa6532-b87f-4223-9609-f3411463ae91&sid=search,"em 12x R$4,89",Vendedor não especificado,Não especificado,MLB,1,1,46,"R$ 49,90",Novo  |  +1000 vendidos,Vendido porCordeiro Home,MercadoLíder Platinum,67.0,4.7,58,4,1,0,4,86.57,5.97,1.49,0.0,5.97,14.5
Invicta Garrafa térmica Airpot Inox Slim de vidro 1.8L Cor Prateado,https://www.mercadolivre.com.br/invicta-garrafa-termica-airpot-inox-slim-de-vidro-18l-cor-prateado/p/MLB10217010?searchVariation=MLB10217010#polycard_client=search-nordic&searchVariation=MLB10217010&wid=MLB3889262983&position=30&search_layout=grid&type=product&tracking_id=bfaa6532-b87f-4223-9609-f3411463ae91&sid=search,"em 12x R$7,70",Vendedor não especificado,Não especificado,MLB,1,1,47,"R$ 78,56",Novo  |  +10mil vendidos,Loja oficialRei Dos Térmicos,MercadoLíder Platinum,5.0,4.5,5,0,0,0,0,81.01,7.05,3.46,1.67,6.8,inf
Cokunst Premium Academia 500ml,https://www.mercadolivre.com.br/cokunst-premium-academia-500ml/p/MLB26880334?searchVariation=MLB26880334#polycard_client=search-nordic&searchVariation=MLB26880334&wid=MLB4148965090&position=31&search_layout=grid&type=product&tracking_id=bfaa6532-b87f-4223-9609-f3411463ae91&sid=search,Preço não encontrado,Vendedor não especificado,Não especificado,MLB,1,1,48,"R$ 48,90",Novo  |  +5mil vendidos,Vendido porDOMEDOME20230630165016,MercadoLíder Gold,1.0,4.7,1,0,0,0,0,81.3,10.42,3.85,1.64,2.78,inf
Garrafa Térmica Gocase Fresh Inox Parede Dupla Isolada 650ml,https://www.mercadolivre.com.br/garrafa-termica-gocase-fresh-inox-parede-dupla-isolada-650ml/p/MLB28835029?searchVariation=MLB28835029#polycard_client=search-nordic&searchVariation=MLB28835029&wid=MLB3541305305&position=32&search_layout=grid&type=product&tracking_id=bfaa6532-b87f-4223-9609-f3411463ae91&sid=search,em 4x R$36 sem juros,Vendedor não especificado,Não especificado,MLB,1,1,49,"R$ 143,99",Novo  |  +1000 vendidos,Loja oficialAzbuy,MercadoLíder Platinum,1.0,4.8,1,0,0,0,0,91.07,4.69,1.71,0.76,1.77,inf
Garrafa Térmica Resistente Mor 1 Litro Para Café Chá Cor Preto,https://www.mercadolivre.com.br/garrafa-termica-resistente-mor-1-litro-para-cafe-cha-cor-preto/p/MLB24436513?searchVariation=MLB24436513#polycard_client=search-nordic&searchVariation=MLB24436513&wid=MLB3818591227&position=3&search_layout=grid&type=product&tracking_id=bfaa6532-b87f-4223-9609-f3411463ae91&sid=search,"em 12x R$3,36",Vendedor não especificado,Não especificado,MLB,1,1,50,"R$ 34,31",Novo  |  +1000 vendidos,Vendido porCLICKPEOPLE,MercadoLíder Platinum,334.0,4.6,276,21,11,3,23,82.63,6.29,3.29,0.9,6.89,12.0
Garrafa Térmica 1 Litro Com Termômetro Led Para Chás / Café,https://click1.mercadolivre.com.br/mclics/clicks/external/MLB/count?a=LiN86IHsFAChnmLrasQZqRFNMVaL%2FVQBAmFihPbrRQ5RT2ktTzMlGo2z2dDPfLh1HGdyY3jMekovqWrK588zVHEWmesMwUVFp73X0NQqHtMMeYWI%2BkIDrV9iTIe%2BNxPTE%2BOMDgH2ntoPiLZStHklVa4S%2BM84D6hYLBicUtXEXbc4Q4%2FSgJQSQHzMVR6SgU6wYtn9S8fAXPgupFRwEY4qiaH9fKQ4Q5QbaaIaSOSu1LQnFZPYoMiCPyHbz%2Bkp1z1AV9kaTryAWJVLDmoT20v8TCaBINS%2FeW6NIrJypGtUkUt3c21Wr4Z7ekcP8UK1OwgYA3rwiBJh9bJOXlYJ8O9Guf6oTff2aDVH%2FlODneMV48vS0%2F87805OeAEEpCbsUxoq8HwRBkTBdr%2FEgOH%2BLz%2FAF7ZBDzSwwx5SH3St%2F9rN77toquCWmet2O69yx%2BDfHLVM1K92tsaJ4W1SWoIeaMioGimmI3xaiVlSBomwekwQIhHfUqaOrfPz3HJkV2D1pol7Zsik7eBD%2BRDOsAFjy93BvA%2Bth8vvY7vXLuos26TDJAMqW1S6oia4kajkiQLy%2ByhxOlwFeNRLX0O7xhW6p1qoYhg1nlAINQ7KIQxLh4xj6H%2BnJKf%2F1%2FA7X9ZTlZKYLP7VR3MdS0719Yi5GSwyVKp4ndOfK9vrfXtQX2MrFkyjxK5kOi9LRDjP3JE70%2BV98AlhIQ4ZuJMUgcWRHWqQVeBgAQI%2BfdVolhFe5dm1dbX7TwOZ6iE8N%2BSgFeMKACfYEHDDXyFi%2BFc7JL6UxUxPcgIRzvptF6zwXTvu6yfwXgRDQ5Ik0N7Nhcx9zvwd%2Bh%2BbREJontOUG%2BDiSc50hZqGD0n9eYYoXLS7RhU80LqOEA%2FzFWYvtCt%2FxFh3Xw%3D%3D&searchVariation=184022220277#polycard_client=search-nordic&tracking_id=cdfe1a44-1753-4bc2-b23f-24e1d48e0163,"em 12x R$5,20",Vendedor não especificado,Não especificado,MLB,2,2,51,"R$ 53,06",Novo  |  +10mil vendidos,DARU20240421093708,+100milVendas concluídas,5.0,4.5,4,1,0,0,0,75.37,10.54,5.12,2.84,6.12,inf
Garrafa Térmica Genérica 1l Com Termômetro E Led Café/chá,https://click1.mercadolivre.com.br/mclics/clicks/external/MLB/count?a=lqp%2Bj34qmVpe2Pbm6sC8icTTh%2FmcMHAkj7mbkk1LGh2vy9vp5ez%2Boxjv1VzDygix1498iNzC5RUMgHGv7oAVBqVhac4wJ2kgVze7%2FM8vGH1EMqjnrwRdwKtvm8vO9XHnbCsg6%2Bko1gBdBYYVr0AUDvI%2Bqm%2BQ6lvtDVwZz6G2pOiDMIgCWRAGhwH2HecFkCpD7EBZqSTIUc4RVMAJiWuIiruTij7UZbNRFowzv2GHXESGa23WNUtghmAvQbt1hdp1Vi9ZD9Dhp18U3JcJHZC6JWvT4oGFFpkTLBZD4JTKBNAEvU9%2FL4fF45UPBRz5fw2Wb70XoVdTeUJoJ94i6apAyUG19%2F4zV4mKlKazJjbS7%2B8J%2B%2F8txhLJBwxrEFbyr5keyBiOEQF5%2FdaM%2FiYMFISlwK%2FOo%2FTQ8ceFIqeIxEAyW1S9CgnwCabBzVIBO5mM%2B4Zb7XcgsfWv2Gvril%2FyKt%2FrJ62eDqe8DH153JHpbrDhi%2FJDx%2F2Dezp8IQmCJQBCQNP%2FWBS%2BFGuR%2F79baEnVqszehWs%2BFjCZ3EFJl41EAKMAm%2Bi8qLXO5D9rMAGIKshsxA72K1jo2UQaFXdVPUYsUb9j%2BBafzlmo05COTmKJocOzEqr2iUw%2B3Q9dlxGgeVuM8KmFVtyRoZVI7p4r3qr8RE9A7RM4vT1TsrzGOMm6tVV7g2Vr8WA%2FCC2M0He3wjtU5mVF5XiOWZShWwApPoLLqWg7xAjMYL68Uwmj6lEJ3xzP%2F7J6DNMm2obko8a%2Bvu%2B8c%2FuCBb20EY8faBeT3HtclPkMfaSo9%2FlQkwYzJZmLvLCknQuGzx%2Bzlluvm3k521bEQ7iYWj7DT3knMGi%2B5ilcAKDhT%2BFVmQKCEwYophBF0zFYa%2B6MEHlD7Ka%2F&searchVariation=187062495333#polycard_client=search-nordic&tracking_id=cdfe1a44-1753-4bc2-b23f-24e1d48e0163,"em 12x R$4,79",Vendedor não especificado,Não especificado,MLB,2,2,52,"R$ 48,85",Novo  |  +25 vendidos,CM20250219101741,+100Vendas concluídas,,0.0,0,0,0,0,0,0.0,0.0,0.0,0.0,0.0,0.0
Garrafa Térmica Resistente Mor 1 Litro Para Café Chá Cor Preto,https://www.mercadolivre.com.br/garrafa-termica-resistente-mor-1-litro-para-cafe-cha-cor-preto/p/MLB24436513?searchVariation=MLB24436513#polycard_client=search-nordic&searchVariation=MLB24436513&wid=MLB3818591227&position=5&search_layout=grid&type=product&tracking_id=cdfe1a44-1753-4bc2-b23f-24e1d48e0163&sid=search,"em 12x R$3,36",Vendedor não especificado,Não especificado,MLB,2,2,53,"R$ 34,31",Novo  |  +1000 vendidos,Vendido porCLICKPEOPLE,MercadoLíder Platinum,334.0,4.6,276,21,11,3,23,82.63,6.29,3.29,0.9,6.89,12.0
Garrafa Térmica De Aço Inoxidável 950ml,https://produto.mercadolivre.com.br/MLB-3927646477-garrafa-termica-de-aco-inoxidavel-950ml-_JM?searchVariation=182447973756#polycard_client=search-nordic&searchVariation=182447973756&position=37&search_layout=grid&type=item&tracking_id=cdfe1a44-1753-4bc2-b23f-24e1d48e0163,Preço não encontrado,Vendedor não especificado,Não especificado,MLB,2,2,54,R$ 45,Novo  |  +5 vendidos,SS20240928131614,+100Vendas concluídas,,0.0,0,0,0,0,0,0.0,0.0,0.0,0.0,0.0,0.0
Garrafa Térmica Isomax 1l Ntk Camping Aço Inoxidável C Alça,https://produto.mercadolivre.com.br/MLB-5335360232-garrafa-termica-isomax-1l-ntk-camping-aco-inoxidavel-c-alca-_JM?searchVariation=187376988649#polycard_client=search-nordic&searchVariation=187376988649&position=38&search_layout=grid&type=item&tracking_id=cdfe1a44-1753-4bc2-b23f-24e1d48e0163,"em 12x R$7,13",Vendedor não especificado,Não especificado,MLB,2,2,55,"R$ 72,70",Novo  |  +25 vendidos,NINJA FERMOTOPARTS,+50milVendas concluídas,4.0,5.0,4,0,0,0,0,100.0,0.0,0.0,0.0,0.0,inf
Garrafa Jarra Térmica Inox Termômetro Digital 1l C/ Display Cor Preto,https://www.mercadolivre.com.br/garrafa-jarra-termica-inox-termmetro-digital-1l-c-display-cor-preto/p/MLB39869301?searchVariation=MLB39869301#polycard_client=search-nordic&searchVariation=MLB39869301&wid=MLB5177227546&position=3&search_layout=grid&type=product&tracking_id=cdfe1a44-1753-4bc2-b23f-24e1d48e0163&sid=search,"em 12x R$5,40",Vendedor não especificado,Não especificado,MLB,2,2,56,"R$ 55,11",Novo  |  +1000 vendidos,Vendido porRSAM_IMPORTS,MercadoLíder Platinum,299.0,4.6,250,25,5,6,13,83.61,8.36,1.67,2.01,4.35,19.23076923076923
Vittak Garrafa de Água Térmica Aço Inox Gelada Anti Vazamento 500ml de Dupla Camada com Tampa Rosqueável,https://www.mercadolivre.com.br/vittak-garrafa-de-agua-termica-aco-inox-gelada-anti-vazamento-500ml-de-dupla-camada-com-tampa-rosqueavel/p/MLB36757240?searchVariation=MLB36757240#polycard_client=search-nordic&searchVariation=MLB36757240&wid=MLB4628802296&position=6&search_layout=grid&type=product&tracking_id=cdfe1a44-1753-4bc2-b23f-24e1d48e0163&sid=search,"em 12x R$4,18",Vendedor não especificado,Não especificado,MLB,2,2,57,"R$ 42,68",Novo  |  +1000 vendidos,Loja oficialEletroFlex,MercadoLíder Platinum,589.0,4.7,491,53,15,2,28,83.36,9.0,2.55,0.34,4.75,17.535714285714285
Termo Invicta GLT Pressão 1L pretolisa,https://www.mercadolivre.com.br/termo-invicta-glt-presso-1l-pretolisa/p/MLB12793771?searchVariation=MLB12793771#polycard_client=search-nordic&searchVariation=MLB12793771&wid=MLB5263075352&position=10&search_layout=grid&type=product&tracking_id=cdfe1a44-1753-4bc2-b23f-24e1d48e0163&sid=search,"em 12x R$4,89",Vendedor não especificado,Não especificado,MLB,2,2,58,"R$ 49,90",Novo  |  +5mil vendidos,Vendido porADVANZCOMMERCE,MercadoLíder Platinum,1.0,4.5,1,0,0,0,0,76.94,8.46,5.03,2.16,7.41,inf
Garrafão Térmico 5 Litros Supertermo Termolar Cor Azul,https://www.mercadolivre.com.br/garrafo-termico-5-litros-supertermo-termolar-cor-azul/p/MLB19724263?searchVariation=MLB19724263#polycard_client=search-nordic&searchVariation=MLB19724263&wid=MLB4258255744&position=8&search_layout=grid&type=product&tracking_id=cdfe1a44-1753-4bc2-b23f-24e1d48e0163&sid=search,"em 12x R$3,47",Vendedor não especificado,Não especificado,MLB,2,2,59,"R$ 35,42",Novo  |  +10mil vendidos,Vendido porDistribuidora Galante,MercadoLíder Platinum,1.0,4.7,1,0,0,0,0,84.24,9.61,2.82,1.15,2.18,inf
Garrafa Água De Aço Inox 750ml Mor Capa Neoprene Alça Academia Caminhada,https://www.mercadolivre.com.br/garrafa-agua-de-aco-inox-750ml-mor-capa-neoprene-alca-academia-caminhada/p/MLB19699651?searchVariation=MLB19699651#polycard_client=search-nordic&searchVariation=MLB19699651&wid=MLB5179788422&position=9&search_layout=grid&type=product&tracking_id=cdfe1a44-1753-4bc2-b23f-24e1d48e0163&sid=search,"em 12x R$3,53",Vendedor não especificado,Não especificado,MLB,2,2,60,R$ 36,Novo  |  +10mil vendidos,Vendido porKAB COMERCIAL,MercadoLíder Platinum,756.0,4.3,544,73,52,30,57,71.96,9.66,6.88,3.97,7.54,9.543859649122806
Garrafa Térmica 1200ml Bebidas Quentes E Frias Cor Azul-marinho Portátil Lsolamento De Aço Inoxidável 304 Térmico Antiderrapante,https://www.mercadolivre.com.br/garrafa-termica-1200ml-bebidas-quentes-e-frias-cor-azul-marinho-portatil-lsolamento-de-aco-inoxidavel-304-termico-antiderrapante/p/MLB47842474?searchVariation=MLB47842474#polycard_client=search-nordic&searchVariation=MLB47842474&wid=MLB5027980608&position=12&search_layout=grid&type=product&tracking_id=cdfe1a44-1753-4bc2-b23f-24e1d48e0163&sid=search,"em 12x R$5,81",Vendedor não especificado,Não especificado,MLB,2,2,61,"R$ 59,24",Novo  |  +500 vendidos,Vendido porLQM202310,MercadoLíder Platinum,138.0,4.8,124,8,0,2,4,89.86,5.8,0.0,1.45,2.9,31.0
Garrafa Aço Inoxidavel 710 Ml Puma Importada Eua,https://produto.mercadolivre.com.br/MLB-5364202036-garrafa-aco-inoxidavel-710-ml-puma-importada-eua-_JM?searchVariation=183437738020#polycard_client=search-nordic&searchVariation=183437738020&position=39&search_layout=grid&type=item&tracking_id=cdfe1a44-1753-4bc2-b23f-24e1d48e0163,"em 12x R$25,62",Vendedor não especificado,Não especificado,MLB,2,2,62,R$ 262,Novo,MY.BEST.BUY,+500Vendas concluídas,,0.0,0,0,0,0,0,0.0,0.0,0.0,0.0,0.0,0.0
Cokunst Premium Academia De Água Squeeze Térmica Inox Mantém Temperatura Cor Branca 500 ML,https://www.mercadolivre.com.br/cokunst-premium-academia-de-agua-squeeze-termica-inox-mantem-temperatura-cor-branca-500-ml/p/MLB26880335?searchVariation=MLB26880335#polycard_client=search-nordic&searchVariation=MLB26880335&wid=MLB4270356016&position=4&search_layout=grid&type=product&tracking_id=cdfe1a44-1753-4bc2-b23f-24e1d48e0163&sid=search,Preço não encontrado,Vendedor não especificado,Não especificado,MLB,2,2,63,"R$ 44,13",Novo  |  +1000 vendidos,Vendido porDOMEDOME20230630165016,MercadoLíder Gold,1.0,4.7,1,0,0,0,0,81.3,10.42,3.85,1.64,2.78,inf
Garrafa Térmica Squeeze De Academia Inox Água 1 Litro Sports Start Premium Cor Preto,https://www.mercadolivre.com.br/garrafa-termica-squeeze-de-academia-inox-agua-1-litro-sports-start-premium-cor-preto/p/MLB29068823?searchVariation=MLB29068823#polycard_client=search-nordic&searchVariation=MLB29068823&wid=MLB4308311614&position=29&search_layout=grid&type=product&tracking_id=cdfe1a44-1753-4bc2-b23f-24e1d48e0163&sid=search,"em 12x R$3,91",Vendedor não especificado,Não especificado,MLB,2,2,64,"R$ 39,87",Novo  |  +1000 vendidos,Vendido porSTARTCOMERCIODIGITAL,MercadoLíder,853.0,4.7,742,55,19,12,25,86.99,6.45,2.23,1.41,2.93,29.68
"Garrafa Térmica Em Aço Inox 1,5 Litros - Chacal",https://www.mercadolivre.com.br/garrafa-termica-em-aco-inox-15-litros-chacal/p/MLB41270064?searchVariation=MLB41270064#polycard_client=search-nordic&searchVariation=MLB41270064&wid=MLB5368895916&position=15&search_layout=grid&type=product&tracking_id=cdfe1a44-1753-4bc2-b23f-24e1d48e0163&sid=search,"em 12x R$10,44",Vendedor não especificado,Não especificado,MLB,2,2,65,"R$ 106,52",Novo  |  +50 vendidos,Vendido porBR GROW,MercadoLíder Gold,,0.0,0,0,0,0,0,0.0,0.0,0.0,0.0,0.0,0.0
Garrafa Térmica Wolff Bird De Plástico Branca 1l Cor Branco,https://www.mercadolivre.com.br/garrafa-termica-wolff-bird-de-plastico-branca-1l-cor-branco/p/MLB20582853?searchVariation=MLB20582853#polycard_client=search-nordic&searchVariation=MLB20582853&wid=MLB3635396453&position=11&search_layout=grid&type=product&tracking_id=cdfe1a44-1753-4bc2-b23f-24e1d48e0163&sid=search,"em 12x R$7,54",Vendedor não especificado,Não especificado,MLB,2,2,66,"R$ 76,90",Novo  |  +1000 vendidos,Vendido porPREMIER CASA ESTILO,MercadoLíder Platinum,385.0,4.7,341,22,5,2,15,88.57,5.71,1.3,0.52,3.9,22.733333333333334
Garrafa Térmica Stanley Slim Bottle Ash Gloss 591ml,https://produto.mercadolivre.com.br/MLB-5348827156-garrafa-termica-stanley-slim-bottle-ash-gloss-591ml-_JM?searchVariation=183339713814#polycard_client=search-nordic&searchVariation=183339713814&position=40&search_layout=grid&type=item&tracking_id=cdfe1a44-1753-4bc2-b23f-24e1d48e0163,"em 12x R$28,85",Vendedor não especificado,Não especificado,MLB,2,2,67,R$ 295,Novo  |  4 vendidos,Victoria Louças,MercadoLíder Platinum,,0.0,0,0,0,0,0,0.0,0.0,0.0,0.0,0.0,0.0
Garrafa Térmica 100% Inox Revolution 1.9l Com Bomba Termolar Cor Prateado,https://www.mercadolivre.com.br/garrafa-termica-100-inox-revolution-19l-com-bomba-termolar-cor-prateado/p/MLB19724357?searchVariation=MLB19724357#polycard_client=search-nordic&searchVariation=MLB19724357&wid=MLB3681289581&position=20&search_layout=grid&type=product&tracking_id=cdfe1a44-1753-4bc2-b23f-24e1d48e0163&sid=search,"em 6x R$53,82 sem juros",Vendedor não especificado,Não especificado,MLB,2,2,68,"R$ 322,91",Novo  |  +5mil vendidos,Vendido porDistribuidora Galante,MercadoLíder Platinum,1.0,4.8,1,0,0,0,0,89.3,5.05,2.02,0.83,2.79,inf
Jarra Térmica 500ml Tramontina Exata Preto 61636/053,https://www.mercadolivre.com.br/jarra-termica-500ml-tramontina-exata-preto-61636053/p/MLB37215669?searchVariation=MLB37215669#polycard_client=search-nordic&searchVariation=MLB37215669&wid=MLB3956404681&position=7&search_layout=grid&type=product&tracking_id=cdfe1a44-1753-4bc2-b23f-24e1d48e0163&sid=search,"em 12x R$3,98",Vendedor não especificado,Não especificado,MLB,2,2,69,"R$ 40,66",Novo  |  +100 vendidos,Vendido porTITAN_SP,MercadoLíder Platinum,13.0,5.0,13,0,0,0,0,100.0,0.0,0.0,0.0,0.0,inf
Garrafa Térmica Pacco Vyta 500ml- Personalização Grátis,https://produto.mercadolivre.com.br/MLB-5358131910-garrafa-termica-pacco-vyta-500ml-personalizaco-gratis-_JM?searchVariation=187578438783#polycard_client=search-nordic&searchVariation=187578438783&position=41&search_layout=grid&type=item&tracking_id=cdfe1a44-1753-4bc2-b23f-24e1d48e0163,"em 6x R$46,40 sem juros",Vendedor não especificado,Não especificado,MLB,2,2,70,"R$ 278,40",Novo  |  +5 vendidos,SAUDEMOVIMENTO,+1000Vendas concluídas,,0.0,0,0,0,0,0,0.0,0.0,0.0,0.0,0.0,0.0
Garrafão Térmico 5 Litros Azul Supertermo Termolar,https://www.mercadolivre.com.br/garrafo-termico-5-litros-azul-supertermo-termolar/p/MLB22498934?searchVariation=MLB22498934#polycard_client=search-nordic&searchVariation=MLB22498934&wid=MLB3752179777&position=18&search_layout=grid&type=product&tracking_id=cdfe1a44-1753-4bc2-b23f-24e1d48e0163&sid=search,"em 12x R$3,77",Vendedor não especificado,Não especificado,MLB,2,2,71,"R$ 38,46",Novo  |  +10mil vendidos,Vendido porDistribuidora Galante,MercadoLíder Platinum,5.0,4.7,5,0,0,0,0,82.83,9.98,3.91,1.1,2.17,inf
Garrafa Térmica Cascade Galapagos Preto e Amarelo 710ml,https://www.mercadolivre.com.br/garrafa-termica-cascade-galapagos-preto-e-amarelo-710ml/p/MLB26206077?searchVariation=MLB26206077#polycard_client=search-nordic&searchVariation=MLB26206077&wid=MLB3514627873&position=23&search_layout=grid&type=product&tracking_id=cdfe1a44-1753-4bc2-b23f-24e1d48e0163&sid=search,"em 4x R$35,49 sem juros",Vendedor não especificado,Não especificado,MLB,2,2,72,"R$ 140,99",Novo  |  +500 vendidos,Vendido porSPLOGIC,Avaliação não disponível,413.0,4.9,399,7,2,1,4,96.61,1.69,0.48,0.24,0.97,99.75
Garrafa Térmica Thermos Funtainer Spider-man,https://produto.mercadolivre.com.br/MLB-5346729900-garrafa-termica-thermos-funtainer-spider-man-_JM?searchVariation=187490913091#polycard_client=search-nordic&searchVariation=187490913091&position=42&search_layout=grid&type=item&tracking_id=cdfe1a44-1753-4bc2-b23f-24e1d48e0163,"em 6x R$42,80 sem juros",Vendedor não especificado,Não especificado,MLB,2,2,73,"R$ 256,80",Novo  |  1 vendido,CAREMIAMI,+5milVendas concluídas,,0.0,0,0,0,0,0,0.0,0.0,0.0,0.0,0.0,0.0
Garrafa Com Alça E Bico 960ml Parede Dupla Treino Viagem,https://produto.mercadolivre.com.br/MLB-5361021750-garrafa-com-alca-e-bico-960ml-parede-dupla-treino-viagem-_JM?searchVariation=183419554618#polycard_client=search-nordic&searchVariation=183419554618&position=43&search_layout=grid&type=item&tracking_id=cdfe1a44-1753-4bc2-b23f-24e1d48e0163,"em 12x R$6,46",Vendedor não especificado,Não especificado,MLB,2,2,74,"R$ 65,87",Novo  |  1 vendido,LABELLYSHOP,+50Vendas concluídas,,0.0,0,0,0,0,0,0.0,0.0,0.0,0.0,0.0,0.0
Garrafa Térmica Color Mor 500ml Ref.8072 - Azul,https://www.mercadolivre.com.br/garrafa-termica-color-mor-500ml-ref8072-azul/p/MLB27606938?searchVariation=MLB27606938#polycard_client=search-nordic&searchVariation=MLB27606938&wid=MLB5276872458&position=30&search_layout=grid&type=product&tracking_id=cdfe1a44-1753-4bc2-b23f-24e1d48e0163&sid=search,"em 12x R$4,83",Vendedor não especificado,Não especificado,MLB,2,2,75,"R$ 49,34",Novo  |  +500 vendidos,Vendido porEASY_DECOR,MercadoLíder Platinum,168.0,4.9,158,7,2,0,1,94.05,4.17,1.19,0.0,0.6,158.0
Garrafa Térmica 400 Ml Inox Infantil,https://produto.mercadolivre.com.br/MLB-4033145831-garrafa-termica-400-ml-inox-infantil-_JM?searchVariation=183365292710#polycard_client=search-nordic&searchVariation=183365292710&position=44&search_layout=grid&type=item&tracking_id=cdfe1a44-1753-4bc2-b23f-24e1d48e0163,"em 2x R$32,95 sem juros",Vendedor não especificado,Não especificado,MLB,2,2,76,"R$ 65,90",Novo  |  1 vendido,ID20250324115214,+5Vendas concluídas,,0.0,0,0,0,0,0,0.0,0.0,0.0,0.0,0.0,0.0
"Bestbestowala Garrafa De Água Esportiva Dupla Para Bebida, C",https://produto.mercadolivre.com.br/MLB-4037701139-bestbestowala-garrafa-de-agua-esportiva-dupla-para-bebida-c-_JM?searchVariation=187584383865#polycard_client=search-nordic&searchVariation=187584383865&position=45&search_layout=grid&type=item&tracking_id=cdfe1a44-1753-4bc2-b23f-24e1d48e0163,"em 12x R$5,32",Vendedor não especificado,Não especificado,MLB,2,2,77,"R$ 54,24",Novo  |  1 vendido,CNCHIQUITO-BRR,+10milVendas concluídas,,0.0,0,0,0,0,0,0.0,0.0,0.0,0.0,0.0,0.0
Garrafinha Térmica Inox Squeeze Água Gelada Display Preto,https://www.mercadolivre.com.br/garrafinha-termica-inox-squeeze-agua-gelada-display-preto/p/MLB35479670?searchVariation=MLB35479670#polycard_client=search-nordic&searchVariation=MLB35479670&wid=MLB4644015288&position=13&search_layout=grid&type=product&tracking_id=cdfe1a44-1753-4bc2-b23f-24e1d48e0163&sid=search,"em 12x R$2,50",Vendedor não especificado,Não especificado,MLB,2,2,78,"R$ 25,48",Novo  |  +5mil vendidos,Vendido porMEGA TRENDS,MercadoLíder Platinum,393.0,4.3,273,45,28,15,32,69.47,11.45,7.12,3.82,8.14,8.53125
Termo Invicta Firenze Mini 250mL branco,https://www.mercadolivre.com.br/termo-invicta-firenze-mini-250ml-branco/p/MLB15289737?searchVariation=MLB15289737#polycard_client=search-nordic&searchVariation=MLB15289737&wid=MLB5262983438&position=25&search_layout=grid&type=product&tracking_id=cdfe1a44-1753-4bc2-b23f-24e1d48e0163&sid=search,"em 12x R$3,22",Vendedor não especificado,Não especificado,MLB,2,2,79,"R$ 32,90",Novo  |  +5mil vendidos,Vendido porADVANZCOMMERCE,MercadoLíder Platinum,1.0,4.6,1,0,0,0,0,80.32,8.25,4.03,1.22,6.19,inf
Bule De Porcelana Bee 600 Ml Pcln268 - Hauskraft,https://produto.mercadolivre.com.br/MLB-4026936045-bule-de-porcelana-bee-600-ml-pcln268-hauskraft-_JM#polycard_client=search-nordic&position=46&search_layout=grid&type=item&tracking_id=cdfe1a44-1753-4bc2-b23f-24e1d48e0163&wid=MLB4026936045&sid=search,"em 2x R$44,40 sem juros",Vendedor não especificado,Não especificado,MLB,2,2,80,"R$ 88,79",Novo  |  2 vendidos,NIVALMIX,+5milVendas concluídas,,0.0,0,0,0,0,0,0.0,0.0,0.0,0.0,0.0,0.0
Bule Garrafa Térmica Exata 1l Café E Cha Etc Tramontina,https://www.mercadolivre.com.br/bule-garrafa-termica-exata-1l-cafe-e-cha-etc-tramontina/p/MLB22189438?searchVariation=MLB22189438#polycard_client=search-nordic&searchVariation=MLB22189438&wid=MLB3569861571&position=34&search_layout=grid&type=product&tracking_id=cdfe1a44-1753-4bc2-b23f-24e1d48e0163&sid=search,"em 12x R$5,39",Vendedor não especificado,Não especificado,MLB,2,2,81,"R$ 54,99",Novo  |  +1000 vendidos,Vendido porASNSOARES,MercadoLíder,252.0,4.6,213,12,5,4,18,84.52,4.76,1.98,1.59,7.14,11.833333333333334
Botijão Galão Garrafa Térmica 5lt Unitermi Tererê Café Leite Cor Preto,https://www.mercadolivre.com.br/botijo-galo-garrafa-termica-5lt-unitermi-terer-cafe-leite-cor-preto/p/MLB22618963?searchVariation=MLB22618963#polycard_client=search-nordic&searchVariation=MLB22618963&wid=MLB5318880218&position=35&search_layout=grid&type=product&tracking_id=cdfe1a44-1753-4bc2-b23f-24e1d48e0163&sid=search,"em 12x R$5,88",Vendedor não especificado,Não especificado,MLB,2,2,82,"R$ 60,29",Novo  |  +5mil vendidos,Vendido porROSA LED,MercadoLíder Platinum,1.0,4.6,1,0,0,0,0,82.66,7.51,3.68,1.43,4.73,inf
Termo Invicta GLT Pressão 1L metalizadolisa,https://www.mercadolivre.com.br/termo-invicta-glt-presso-1l-metalizadolisa/p/MLB15292657?searchVariation=MLB15292657#polycard_client=search-nordic&searchVariation=MLB15292657&wid=MLB3967183489&position=17&search_layout=grid&type=product&tracking_id=cdfe1a44-1753-4bc2-b23f-24e1d48e0163&sid=search,"em 12x R$6,17",Vendedor não especificado,Não especificado,MLB,2,2,83,"R$ 62,90",Novo  |  +5mil vendidos,Vendido porADVANZCOMMERCE,MercadoLíder Platinum,1.0,4.5,1,0,0,0,0,76.94,8.46,5.03,2.16,7.41,inf
Garrafa Térmica 1000ml Oster Para Café Chá Aço Inox Prata Com Alça Casselbeck 146391.01,https://www.mercadolivre.com.br/garrafa-termica-1000ml-oster-para-cafe-cha-aco-inox-prata-com-alca-casselbeck-14639101/p/MLB47608624?searchVariation=MLB47608624#polycard_client=search-nordic&searchVariation=MLB47608624&wid=MLB4040216327&position=31&search_layout=grid&type=product&tracking_id=cdfe1a44-1753-4bc2-b23f-24e1d48e0163&sid=search,"em 5x R$30,53 sem juros",Vendedor não especificado,Não especificado,MLB,2,2,84,"R$ 152,65",Novo  |  +100 vendidos,Vendido porTHE COMPANY2002,MercadoLíder,10.0,2.9,4,0,1,1,4,40.0,0.0,10.0,10.0,40.0,1.0
Botijão Garrafão Térmico Com Torneira 10l Arezzo Preto Unitermi,https://www.mercadolivre.com.br/botijo-garrafo-termico-com-torneira-10l-arezzo-preto-unitermi/p/MLB19753933?searchVariation=MLB19753933#polycard_client=search-nordic&searchVariation=MLB19753933&wid=MLB3961572597&position=28&search_layout=grid&type=product&tracking_id=cdfe1a44-1753-4bc2-b23f-24e1d48e0163&sid=search,"em 12x R$12,46",Vendedor não especificado,Não especificado,MLB,2,2,85,"R$ 127,05",Novo  |  +5mil vendidos,Vendido porROSA LED,MercadoLíder Platinum,1.0,4.7,1,0,0,0,0,85.68,8.49,2.25,1.08,2.5,inf
Garrafa Térmica Pressão Magic Pump 500ml Preta,https://www.mercadolivre.com.br/garrafa-termica-presso-magic-pump-500ml-preta/p/MLB26414618?searchVariation=MLB26414618#polycard_client=search-nordic&searchVariation=MLB26414618&wid=MLB4670711730&position=19&search_layout=grid&type=product&tracking_id=cdfe1a44-1753-4bc2-b23f-24e1d48e0163&sid=search,"em 12x R$5,38",Vendedor não especificado,Não especificado,MLB,2,2,86,"R$ 54,90",Novo  |  +100 vendidos,Vendido porCordeiro Home,MercadoLíder Platinum,38.0,4.6,27,7,3,0,1,71.05,18.42,7.89,0.0,2.63,27.0
Garrafa Térmica Em Inox Com 3 Xícara Bebidas Quentes E Frias Cor Rosa,https://www.mercadolivre.com.br/garrafa-termica-em-inox-com-3-xicara-bebidas-quentes-e-frias-cor-rosa/p/MLB27582977?searchVariation=MLB27582977#polycard_client=search-nordic&searchVariation=MLB27582977&wid=MLB3852777457&position=14&search_layout=grid&type=product&tracking_id=cdfe1a44-1753-4bc2-b23f-24e1d48e0163&sid=search,"em 12x R$3,79",Vendedor não especificado,Não especificado,MLB,2,2,87,"R$ 38,63",Novo  |  +1000 vendidos,Loja oficialEletroFlex,MercadoLíder Platinum,759.0,4.5,588,66,32,26,47,77.47,8.7,4.22,3.43,6.19,12.51063829787234
Garrafa Térmica Inox 1 Litro Térmica De Aço Inox Mantém A Bebida Gelada Por 24 Horas E Quente Por 12 Horas Fácil De Carregar Não Vaza Compacte Bonita E Resistente Squeeze,https://www.mercadolivre.com.br/garrafa-termica-inox-1-litro-termica-de-aco-inox-mantem-a-bebida-gelada-por-24-horas-e-quente-por-12-horas-facil-de-carregar-no-vaza-compacte-bonita-e-resistente-squeeze/p/MLB36338378?searchVariation=MLB36338378#polycard_client=search-nordic&searchVariation=MLB36338378&wid=MLB3932216359&position=21&search_layout=grid&type=product&tracking_id=cdfe1a44-1753-4bc2-b23f-24e1d48e0163&sid=search,"em 12x R$4,80",Vendedor não especificado,Não especificado,MLB,2,2,88,"R$ 48,99",Novo  |  +1000 vendidos,Loja oficialPLUSSMAR,MercadoLíder,434.0,4.8,389,28,8,4,5,89.63,6.45,1.84,0.92,1.15,77.8
"Garrafa Térmica Resistente 1 Litro Para Café, Chá - Mor Cor Vermelho",https://www.mercadolivre.com.br/garrafa-termica-resistente-1-litro-para-cafe-cha-mor-cor-vermelho/p/MLB22313473?searchVariation=MLB22313473#polycard_client=search-nordic&searchVariation=MLB22313473&wid=MLB5002903356&position=24&search_layout=grid&type=product&tracking_id=cdfe1a44-1753-4bc2-b23f-24e1d48e0163&sid=search,Preço não encontrado,Vendedor não especificado,Não especificado,MLB,2,2,89,"R$ 32,18",Novo  |  +1000 vendidos,Vendido porCLICKPEOPLE,MercadoLíder Platinum,140.0,4.7,123,8,3,2,4,87.86,5.71,2.14,1.43,2.86,30.75
"Garrafa Térmica Esportiva Em Aço Inox, 800ml Parede Dupla",https://produto.mercadolivre.com.br/MLB-5344633016-garrafa-termica-esportiva-em-aco-inox-800ml-parede-dupla-_JM?searchVariation=183315826388#polycard_client=search-nordic&searchVariation=183315826388&position=47&search_layout=grid&type=item&tracking_id=cdfe1a44-1753-4bc2-b23f-24e1d48e0163,"em 12x R$3,85",Vendedor não especificado,Não especificado,MLB,2,2,90,"R$ 39,33",Novo  |  3 vendidos,fashiononline2,+1000Vendas concluídas,,0.0,0,0,0,0,0,0.0,0.0,0.0,0.0,0.0,0.0
Garrafa Térmica 4l Revestida Couro Rustica Terere Chima Agua,https://produto.mercadolivre.com.br/MLB-5364493830-garrafa-termica-4l-revestida-couro-rustica-terere-chima-agua-_JM?searchVariation=183438219662#polycard_client=search-nordic&searchVariation=183438219662&position=48&search_layout=grid&type=item&tracking_id=cdfe1a44-1753-4bc2-b23f-24e1d48e0163,"em 12x R$26,60",Vendedor não especificado,Não especificado,MLB,2,2,91,R$ 272,Novo,Mateyna Terere,+1000Vendas concluídas,,0.0,0,0,0,0,0,0.0,0.0,0.0,0.0,0.0,0.0
Garrafa Térmica Nordk Purple N00040 Is The New Black Aço Inox 500ml Cor Roxo,https://www.mercadolivre.com.br/garrafa-termica-nordk-purple-n00040-is-the-new-black-aco-inox-500ml-cor-roxo/p/MLB26071485?searchVariation=MLB26071485#polycard_client=search-nordic&searchVariation=MLB26071485&wid=MLB3956520396&position=32&search_layout=grid&type=product&tracking_id=cdfe1a44-1753-4bc2-b23f-24e1d48e0163&sid=search,"em 2x R$44,95 sem juros",Vendedor não especificado,Não especificado,MLB,2,2,92,"R$ 59,90",Novo  |  +100 vendidos,Loja oficialKubbo,MercadoLíder Platinum,39.0,4.8,35,3,0,0,1,89.74,7.69,0.0,0.0,2.56,35.0
Presente Garrafa Água Disign Sujo Wd-40 Copo Térmico Inox,https://produto.mercadolivre.com.br/MLB-4045968091-presente-garrafa-agua-disign-sujo-wd-40-copo-termico-inox-_JM?searchVariation=183483278594#polycard_client=search-nordic&searchVariation=183483278594&position=49&search_layout=grid&type=item&tracking_id=cdfe1a44-1753-4bc2-b23f-24e1d48e0163,"em 6x R$40,85 sem juros",Vendedor não especificado,Não especificado,MLB,2,2,93,"R$ 245,10",Novo,SDOFICIAL PLATINUM,+10milVendas concluídas,,0.0,0,0,0,0,0,0.0,0.0,0.0,0.0,0.0,0.0
1200ml Garrafa Térmica Bebidas Quentes E Frias Adequado para desportos ao ar livre e campismo Cor Azul-marinho Genérica 100101,https://www.mercadolivre.com.br/1200ml-garrafa-termica-bebidas-quentes-e-frias-adequado-para-desportos-ao-ar-livre-e-campismo-cor-azul-marinho-generica-100101/p/MLB37890112?searchVariation=MLB37890112#polycard_client=search-nordic&searchVariation=MLB37890112&wid=MLB5318904780&position=26&search_layout=grid&type=product&tracking_id=cdfe1a44-1753-4bc2-b23f-24e1d48e0163&sid=search,"em 12x R$5,39",Vendedor não especificado,Não especificado,MLB,2,2,94,"R$ 59,28",Novo  |  +1000 vendidos,Vendido porHJE202406,MercadoLíder Platinum,961.0,4.8,864,52,13,7,25,89.91,5.41,1.35,0.73,2.6,34.56
"Garrafa Térmica 4,0L Chá Água Frio Inox Chacal",https://www.mercadolivre.com.br/garrafa-termica-40l-cha-agua-frio-inox-chacal/p/MLB22796808?searchVariation=MLB22796808#polycard_client=search-nordic&searchVariation=MLB22796808&wid=MLB5311102770&position=27&search_layout=grid&type=product&tracking_id=cdfe1a44-1753-4bc2-b23f-24e1d48e0163&sid=search,"em 12x R$15,38",Vendedor não especificado,Não especificado,MLB,2,2,95,"R$ 156,90",Novo  |  +1000 vendidos,Vendido porSOMADO STORE,MercadoLíder,126.0,4.7,108,7,3,3,5,85.71,5.56,2.38,2.38,3.97,21.6
Garrafa Térmica 1l Marca Belakaza,https://produto.mercadolivre.com.br/MLB-4036899261-garrafa-termica-1l-marca-belakaza-_JM?searchVariation=187576480455#polycard_client=search-nordic&searchVariation=187576480455&position=50&search_layout=grid&type=item&tracking_id=cdfe1a44-1753-4bc2-b23f-24e1d48e0163,Preço não encontrado,Vendedor não especificado,Não especificado,MLB,2,2,96,"R$ 49,90",Novo,ANALUCIASILVAMAZER,+5Vendas concluídas,,0.0,0,0,0,0,0,0.0,0.0,0.0,0.0,0.0,0.0
Garrafa Térmica Rolha 650ml Para Café Chá Florença Unitermi Cor Vermelho,https://www.mercadolivre.com.br/garrafa-termica-rolha-650ml-para-cafe-cha-florenca-unitermi-cor-vermelho/p/MLB24995926?searchVariation=MLB24995926#polycard_client=search-nordic&searchVariation=MLB24995926&wid=MLB3380675863&position=33&search_layout=grid&type=product&tracking_id=cdfe1a44-1753-4bc2-b23f-24e1d48e0163&sid=search,"em 12x R$3,19",Vendedor não especificado,Não especificado,MLB,2,2,97,"R$ 32,53",Novo  |  +1000 vendidos,Loja oficialVillegas Center,MercadoLíder Platinum,1.0,4.7,1,0,0,0,0,85.43,6.53,3.18,1.27,3.58,inf
Revolution Thermolar Thermomar Black 1 Lts 5 Anos Bentan,https://www.mercadolivre.com.br/revolution-thermolar-thermomar-black-1-lts-5-anos-bentan/p/MLB26901728?searchVariation=MLB26901728#polycard_client=search-nordic&searchVariation=MLB26901728&wid=MLB3972254199&position=16&search_layout=grid&type=product&tracking_id=cdfe1a44-1753-4bc2-b23f-24e1d48e0163&sid=search,"em 12x R$15,78",Vendedor não especificado,Não especificado,MLB,2,2,98,R$ 161,Novo  |  +100 vendidos,Vendido porBUSCASHOPCOMERCIO,MercadoLíder Platinum,6.0,4.3,3,2,1,0,0,50.0,33.33,16.67,0.0,0.0,inf
Modus Garrafa Térmica Isolada A Vácuo De Aço Inoxidável 1700ml Cor Verde,https://www.mercadolivre.com.br/modus-garrafa-termica-isolada-a-vacuo-de-aco-inoxidavel-1700ml-cor-verde/p/MLB29542356?searchVariation=MLB29542356#polycard_client=search-nordic&searchVariation=MLB29542356&wid=MLB5060269946&position=22&search_layout=grid&type=product&tracking_id=cdfe1a44-1753-4bc2-b23f-24e1d48e0163&sid=search,"em 4x R$36,10 sem juros",Vendedor não especificado,Não especificado,MLB,2,2,99,"R$ 144,39",Novo  |  +1000 vendidos,Vendido porF Coleção Selecionada,Avaliação não disponível,483.0,4.9,451,22,4,1,5,93.37,4.55,0.83,0.21,1.04,90.2
Soprano Botijão Garrafão Térmico Aspen 12 Litros,https://www.mercadolivre.com.br/soprano-botijo-garrafo-termico-aspen-12-litros/p/MLB19723953?searchVariation=MLB19723953#polycard_client=search-nordic&searchVariation=MLB19723953&wid=MLB4706331674&position=36&search_layout=grid&type=product&tracking_id=cdfe1a44-1753-4bc2-b23f-24e1d48e0163&sid=search,"em 6x R$48,82 sem juros",Vendedor não especificado,Não especificado,MLB,2,2,100,"R$ 292,90",Novo  |  +100 vendidos,Vendido por123 TUDO,MercadoLíder Platinum,27.0,4.9,25,2,0,0,0,92.59,7.41,0.0,0.0,0.0,inf
