titulo,link,preco,vendedor,site
Kit 4 Cartucho Compativel 670Xl Advantag 3525 4615 4625 5525,https://www.mercadolivre.com.br/kit-4-cartucho-compativel-670xl-advantag-3525-4615-4625-5525/p/MLB24113448#polycard_client=search-nordic&searchVariation=MLB24113448&wid=MLB3738573695&position=11&search_layout=grid&type=product&tracking_id=28c80587-282a-4225-a674-9316bed16549&sid=search,Verificar no site,Verificar no site,MLB
Kit Recarga Cartucho Impressora Compativel Hp 2774 2874 Cartuchos 667 667Xl Tinta Inkcor Acompanha Manual De Instrucoes Com Acesso A Videos Tutoriais Completos E Exclusivos,https://www.mercadolivre.com.br/kit-recarga-cartucho-impressora-compativel-hp-2774-2874-cartuchos-667-667xl-tinta-inkcor-acompanha-manual-de-instrucoes-com-acesso-a-videos-tutoriais-completos-e-exclusivos/p/MLB44668607#polycard_client=search-nordic&searchVariation=MLB44668607&wid=MLB5219066652&position=17&search_layout=grid&type=product&tracking_id=28c80587-282a-4225-a674-9316bed16549&sid=search,Verificar no site,Verificar no site,MLB
Cartucho Hp 954Xl Amarelo L0S68Ab 20Ml,https://www.mercadolivre.com.br/cartucho-hp-954xl-amarelo-l0s68ab-20ml/p/MLB36750339#polycard_client=search-nordic&searchVariation=MLB36750339&wid=MLB3776108935&position=32&search_layout=grid&type=product&tracking_id=28c80587-282a-4225-a674-9316bed16549&sid=search,Verificar no site,Verificar no site,MLB
Refil De Tinta Recarga De Cartucho Compativel Impressora Hp 2874 2774 2676 2050 F4480 F4180 3516 3050 3636 2800 2700 2600 3600 2775 Cartuchos 60 901 667 664 662 92 74 Cor Preta Tintas Inkcor Com 500Ml,https://www.mercadolivre.com.br/refil-de-tinta-recarga-de-cartucho-compativel-impressora-hp-2874-2774-2676-2050-f4480-f4180-3516-3050-3636-2800-2700-2600-3600-2775-cartuchos-60-901-667-664-662-92-74-cor-preta-tintas-inkcor-com-500ml/p/MLB48943976#polycard_client=search-nordic&searchVariation=MLB48943976&wid=MLB5370580964&position=25&search_layout=grid&type=product&tracking_id=28c80587-282a-4225-a674-9316bed16549&sid=search,Verificar no site,Verificar no site,MLB
Cartucho De Tinta Preta Hp Advantage 664 De 2 Ml,https://www.mercadolivre.com.br/cartucho-de-tinta-preta-hp-advantage-664-de-2-ml/p/MLB36751629#polycard_client=search-nordic&searchVariation=MLB36751629&wid=MLB3866554217&position=28&search_layout=grid&type=product&tracking_id=28c80587-282a-4225-a674-9316bed16549&sid=search,Verificar no site,Verificar no site,MLB
Recarga Cartucho Compativel Impressora Hp 2874 2774 2676 2700 3516 2050 Cartuchos 667 664 662 901 60 92 74 Canon Mg 2410 2910 3510 3010 44 54 140 141 145 146 210 211 Kit Com 60Ml De Tinta De Cada Cor,https://www.mercadolivre.com.br/recarga-cartucho-compativel-impressora-hp-2874-2774-2676-2700-3516-2050-cartuchos-667-664-662-901-60-92-74-canon-mg-2410-2910-3510-3010-44-54-140-141-145-146-210-211-kit-com-60ml-de-tinta-de-cada-cor/p/MLB44668909#polycard_client=search-nordic&searchVariation=MLB44668909&wid=MLB3931902033&position=30&search_layout=grid&type=product&tracking_id=28c80587-282a-4225-a674-9316bed16549&sid=search,Verificar no site,Verificar no site,MLB
Kit Cartucho Hp 664 Preto E Hp 664 Colorido,https://www.mercadolivre.com.br/kit-cartucho-hp-664-preto-e-hp-664-colorido/p/MLB36751072#polycard_client=search-nordic&searchVariation=MLB36751072&wid=MLB3946889845&position=22&search_layout=grid&type=product&tracking_id=28c80587-282a-4225-a674-9316bed16549&sid=search,Verificar no site,Verificar no site,MLB
Recarga De Cartucho 667 667Xl Compativel Com Impressora Hp 2874 2800 Series Com Manual De Instrucoes E Snap Fill,https://www.mercadolivre.com.br/recarga-de-cartucho-667-667xl-compativel-com-impressora-hp-2874-2800-series-com-manual-de-instrucoes-e-snap-fill/p/MLB45258948#polycard_client=search-nordic&searchVariation=MLB45258948&wid=MLB5248644320&position=26&search_layout=grid&type=product&tracking_id=28c80587-282a-4225-a674-9316bed16549&sid=search,Verificar no site,Verificar no site,MLB
Kit 2 Cartuchos Preto E Colorido Hp 662 Para Impressoras 1516 2515 2516 3515 3516 2546 3546 4646,https://www.mercadolivre.com.br/kit-2-cartuchos-preto-e-colorido-hp-662-para-impressoras-1516-2515-2516-3515-3516-2546-3546-4646/p/MLB36794457#polycard_client=search-nordic&searchVariation=MLB36794457&wid=MLB5261230410&position=33&search_layout=grid&type=product&tracking_id=28c80587-282a-4225-a674-9316bed16549&sid=search,Verificar no site,Verificar no site,MLB
Recarga De Cartucho Preto Inkcor 100 Ml Para Modelos 2874 2774 2676 3636 2700 2600 2800 Mg2910 Mg2410 Cartuchos 667 664 662 901 60 92 667Xl 664Xl 662Xl 74 21 144 54 140,https://www.mercadolivre.com.br/recarga-de-cartucho-preto-inkcor-100-ml-para-modelos-2874-2774-2676-3636-2700-2600-2800-mg2910-mg2410-cartuchos-667-664-662-901-60-92-667xl-664xl-662xl-74-21-144-54-140/p/MLB32973774#polycard_client=search-nordic&searchVariation=MLB32973774&wid=MLB3596314497&position=39&search_layout=grid&type=product&tracking_id=28c80587-282a-4225-a674-9316bed16549&sid=search,Verificar no site,Verificar no site,MLB
